image_name,ground_truth,svm_preds,nn_preds,nn_score_0,nn_score_1,nn_score_2,nn_score_3,nn_score_4,top_2_difference_under_0.02
0.jpg,0,0,0,1.0,1.659204e-19,2.1566882e-15,6.0202254e-10,0.0,False
1.jpg,3,3,3,5.008265e-19,4.3294716e-17,4.9504335e-24,1.0,4.257436e-27,False
10.jpg,2,2,2,1.520126e-14,1.1668743e-20,1.0,5.815472e-13,0.0,False
100.jpg,2,2,2,1.1617385e-15,1.8346729e-20,1.0,8.286633e-10,0.0,False
101.jpg,2,2,2,1.7627057e-20,2.3501502e-18,0.9994393,1.1775719e-06,0.0,False
102.jpg,0,0,0,1.0,3.3027686e-19,7.6910527e-31,7.161903e-17,5.2096898e-30,False
103.jpg,2,2,2,3.0610208e-21,3.9013127e-22,0.99999917,0.0042773453,0.0,False
104.jpg,3,3,3,4.500001e-23,3.1761067e-20,1.3798498e-17,1.0,0.0,False
105.jpg,2,2,2,2.3695333e-24,2.762597e-21,1.0,3.364857e-17,0.0,False
106.jpg,2,2,2,6.699802e-20,6.583627e-16,0.9999999,2.4703791e-05,0.0,False
107.jpg,2,2,2,8.9314504e-23,3.2597643e-17,1.0,4.4190926e-09,0.0,False
108.jpg,1,1,0,4.2886076e-17,1.5969295e-22,1.6815048e-27,0.0,3.9557024e-34,True
109.jpg,1,1,3,2.939154e-29,5.2883768e-24,5.6323987e-36,1.9097215e-15,0.0,True
11.jpg,1,1,1,3.684208e-35,1.976322e-20,3.2678536e-34,1.5228447e-26,0.0,True
110.jpg,2,2,2,1.9655105e-20,3.2766664e-19,1.0,1.2572301e-06,0.0,False
111.jpg,3,3,3,3.1966059e-09,9.2990725e-17,1.1710491e-26,1.0,4.461177e-34,False
112.jpg,1,1,3,2.7864627e-22,6.761147e-25,5.3726047e-22,2.1169068e-19,0.0,True
113.jpg,3,4,4,4.5773067e-37,2.1231783e-08,0.0,3.2799659e-09,1.0,False
114.jpg,1,1,0,6.8373744e-18,3.8747142e-25,1.6245853e-22,2.0316866e-22,0.0,True
115.jpg,1,1,3,2.3070128e-21,2.0733611e-24,1.9196588e-26,2.2947533e-19,0.0,True
116.jpg,0,0,0,1.0,3.3312386e-19,6.210382e-28,1.8061637e-16,2.8024065e-32,False
117.jpg,1,1,3,2.6555418e-33,5.534547e-23,0.0,1.8614908e-12,0.0,True
118.jpg,2,2,2,2.0988951e-19,3.0478645e-22,1.0,8.0791167e-16,0.0,False
119.jpg,2,2,2,3.4285833e-15,2.2642756e-19,1.0,6.245389e-13,1.1662421e-28,False
12.jpg,0,0,0,1.0,1.3097682e-18,2.625989e-23,3.2944585e-11,6.522768e-35,False
120.jpg,3,3,0,0.0003656383,2.1564131e-18,1.4760978e-12,8.399988e-05,0.0,True
121.jpg,0,0,0,1.0,1.6952168e-12,1.8836942e-17,8.837045e-07,1.9080592e-32,False
122.jpg,3,3,3,8.913778e-05,2.9400868e-20,1.4678033e-21,0.9999999,4.757463e-39,False
123.jpg,3,3,3,0.24947432,1.3097187e-17,4.502132e-11,0.9912334,0.0,False
124.jpg,3,3,3,4.541204e-06,8.102738e-21,6.726141e-16,0.9999621,1.4589887e-36,False
125.jpg,3,3,3,8.033432e-20,1.8156632e-15,5.408415e-06,0.99997985,0.0,False
126.jpg,0,0,0,1.0,3.1927073e-16,2.4813634e-14,1.889677e-07,0.0,False
127.jpg,3,3,3,4.6133397e-18,1.4655493e-20,1.4075985e-14,1.0,0.0,False
128.jpg,2,2,2,6.5984663e-22,5.419702e-22,1.0,2.1448327e-15,0.0,False
129.jpg,3,3,3,0.0028703683,2.2684633e-16,1.2559667e-22,0.99993014,0.0,False
13.jpg,0,0,0,1.0,1.2286973e-17,3.0855268e-26,0.00083371555,0.0,False
130.jpg,0,3,3,0.61567193,8.313896e-21,6.0221014e-16,0.70887136,0.0,False
131.jpg,3,3,3,1.7654958e-08,5.437238e-16,3.085611e-10,0.9859534,9.845006e-30,False
132.jpg,2,2,2,6.964218e-21,2.7586034e-23,1.0,1.671023e-10,0.0,False
133.jpg,0,0,0,1.0,1.5425496e-24,5.9753333e-22,5.427674e-12,0.0,False
134.jpg,2,2,2,3.0861485e-35,3.2860312e-18,1.0,8.682622e-15,1.5411402e-36,False
135.jpg,0,0,0,1.0,8.867244e-25,1.3361579e-31,9.130032e-18,0.0,False
136.jpg,0,0,0,1.0,5.843279e-17,5.3657376e-24,6.7800977e-07,0.0,False
137.jpg,1,1,1,1.0362297e-27,4.2318957e-22,0.0,8.471519e-25,0.0,True
138.jpg,0,0,0,0.9996406,2.9598506e-14,8.4451946e-24,6.6999837e-06,1.7778416e-25,False
139.jpg,0,0,0,1.0,2.5954092e-20,1.4700027e-17,2.494674e-11,0.0,False
14.jpg,1,1,3,1.0936982e-31,2.6548704e-20,2.9392884e-29,3.3027797e-20,0.0,True
140.jpg,1,1,3,1.6804186e-30,5.4282806e-25,1.770371e-24,2.1288099e-20,0.0,True
141.jpg,0,0,0,1.0,7.4360774e-23,4.8366923e-26,7.6900804e-17,0.0,False
142.jpg,1,1,3,2.1797832e-28,9.971641e-27,1.6175972e-30,6.759027e-19,0.0,True
143.jpg,1,1,1,0.0,9.54763e-25,6.7844846e-38,4.371464e-37,0.0,True
144.jpg,0,0,0,1.0,2.1683078e-18,1.029126e-14,1.6805488e-09,1.15148125e-36,False
145.jpg,3,3,3,8.898684e-19,1.1180242e-18,4.4476187e-11,1.0,4.064428e-34,False
146.jpg,3,3,3,2.2707485e-09,9.813249e-15,1.5781124e-24,1.0,0.0,False
147.jpg,3,3,3,1.0169885e-11,8.672843e-18,1.2917113e-19,1.0,0.0,False
148.jpg,1,1,3,1.3131611e-24,3.7251834e-24,7.7898943e-35,1.2879214e-21,0.0,True
149.jpg,1,1,3,4.7090456e-28,1.113488e-24,1.682543e-36,3.0485822e-24,0.0,True
15.jpg,1,1,3,5.6655283e-18,3.8371033e-25,2.6480003e-22,4.1545678e-10,0.0,True
150.jpg,0,0,0,1.0,1.0760171e-20,4.852676e-27,5.548075e-12,0.0,False
151.jpg,3,3,3,3.5257054e-11,1.3076458e-19,1.2870244e-11,0.97038144,1.7962324e-34,False
152.jpg,3,3,3,6.961747e-21,2.4293947e-22,1.0906193e-16,1.0,0.0,False
153.jpg,3,4,3,8.488455e-21,3.8722306e-18,0.0046789483,0.14508061,1.0981969e-38,False
154.jpg,0,0,0,1.0,8.231727e-19,1.9773269e-18,1.1726515e-15,0.0,False
155.jpg,2,2,2,5.0599107e-16,2.4819938e-21,1.0,3.0687706e-11,0.0,False
156.jpg,3,3,3,1.0220755e-15,1.2152067e-18,1.4140597e-25,1.0,0.0,False
157.jpg,3,3,3,1.910836e-23,2.6108175e-15,1.5708618e-18,1.0,2.8972322e-36,False
158.jpg,2,2,2,5.207414e-19,1.1667129e-22,1.0,6.549554e-14,0.0,False
159.jpg,1,1,3,1.044889e-23,4.6028657e-24,6.0677934e-35,1.7836504e-13,0.0,True
16.jpg,2,2,2,1.0381866e-15,6.2817593e-23,1.0,7.605903e-12,0.0,False
160.jpg,3,3,3,9.4510375e-07,1.3478946e-19,3.3779237e-17,0.99998486,0.0,False
161.jpg,1,1,1,1.0569579e-34,2.5244936e-23,0.0,6.802393e-30,0.0,True
162.jpg,1,1,3,1.493441e-34,7.933213e-19,4.058825e-39,1.8876434e-17,8.506875e-34,True
163.jpg,3,3,3,1.0641997e-12,3.865834e-21,1.5906714e-07,0.9526438,0.0,False
164.jpg,1,1,3,4.495325e-27,2.347849e-24,2.041176e-33,1.0738717e-14,0.0,True
165.jpg,1,1,3,2.8064743e-30,1.22531406e-23,1.6510538e-33,9.149369e-21,0.0,True
166.jpg,0,0,0,0.9999889,3.7256943e-17,1.2951413e-14,3.7926253e-09,0.0,False
167.jpg,3,3,3,4.6470277e-08,2.6337217e-17,7.4353727e-22,1.0,0.0,False
168.jpg,1,1,3,6.9859505e-30,5.0490488e-26,0.0,3.6865275e-20,0.0,True
169.jpg,1,1,3,5.7020853e-25,1.4210525e-24,8.979189e-27,4.7597186e-22,0.0,True
17.jpg,1,1,3,5.6793045e-28,3.496067e-26,2.9888026e-35,2.7437557e-21,0.0,True
170.jpg,0,0,0,1.0,2.6994048e-21,1.6098829e-16,1.6129072e-16,0.0,False
171.jpg,0,0,0,1.0,5.4180867e-23,2.1051186e-14,1.0266173e-20,0.0,False
172.jpg,1,1,3,1.0146525e-21,2.2151703e-24,1.573816e-29,1.5087197e-17,0.0,True
173.jpg,3,3,3,1.3001835e-21,3.170374e-17,2.7497812e-13,1.0,0.0,False
174.jpg,1,1,3,2.2743902e-31,3.406159e-24,0.0,1.2866352e-13,0.0,True
175.jpg,0,0,0,1.0,3.0483095e-20,1.6383835e-14,3.7952703e-11,0.0,False
176.jpg,3,3,3,8.253724e-15,1.4103768e-15,2.2689464e-10,1.0,3.5993958e-29,False
177.jpg,3,3,3,5.508024e-10,5.911915e-15,4.4867068e-20,0.99995697,0.0,False
178.jpg,0,0,0,1.0,8.4179555e-23,3.1320826e-20,6.8492483e-19,0.0,False
179.jpg,0,0,0,1.0,4.458776e-20,3.899205e-27,5.491434e-12,0.0,False
18.jpg,2,2,2,7.657779e-09,2.313851e-22,1.0,2.0027122e-14,0.0,False
180.jpg,1,1,3,1.2240633e-36,2.1880803e-21,1.0699533e-31,1.0117331e-16,0.0,True
181.jpg,3,3,3,2.8330211e-15,3.7809636e-15,4.2881373e-15,0.97197837,7.168505e-28,False
182.jpg,2,2,2,9.476704e-15,1.7547413e-21,1.0,3.732296e-16,0.0,False
183.jpg,3,3,3,1.7004987e-12,5.3749085e-19,0.0005335695,0.94880974,1.658821e-38,False
184.jpg,1,1,3,6.1353793e-37,3.2591857e-21,3.042325e-36,1.7060735e-12,0.0,True
185.jpg,1,1,1,2.667411e-25,3.0688778e-21,2.8735604e-33,4.1791074e-26,0.0,True
186.jpg,1,1,3,3.584199e-30,5.563862e-24,0.0,5.409625e-21,0.0,True
187.jpg,1,1,3,1.7616188e-33,3.0130912e-22,6.909999e-35,3.6771628e-18,0.0,True
188.jpg,1,1,1,0.0,9.650337e-18,0.0,2.2384993e-29,2.7795455e-26,True
189.jpg,2,2,2,1.4452834e-06,8.748453e-22,1.0,5.3475964e-15,0.0,False
19.jpg,3,3,3,7.9501104e-21,4.4955583e-15,1.7439965e-22,1.0,1.347626e-36,False
190.jpg,3,2,2,1.0239181e-21,2.3021558e-17,0.24639417,4.133697e-07,0.0,False
191.jpg,3,3,3,4.447976e-18,4.2800926e-17,2.1694508e-32,1.0,0.0,False
192.jpg,1,1,3,1.5585606e-32,1.5957708e-24,3.4462114e-35,2.745338e-20,0.0,True
193.jpg,3,3,3,2.2112825e-09,1.2524151e-17,5.943405e-18,0.9999436,0.0,False
194.jpg,3,3,3,1.3342747e-14,1.6990118e-18,2.1482462e-16,1.0,0.0,False
195.jpg,3,4,4,8.3766375e-22,2.5885176e-20,1.6652276e-08,4.7574944e-26,1.0,False
196.jpg,0,0,0,0.9987815,2.0029717e-18,2.4957073e-18,9.528737e-12,1.86079e-32,False
197.jpg,3,3,3,1.0561276e-08,7.874284e-23,6.003332e-11,0.061616324,0.0,False
198.jpg,3,3,3,6.846679e-29,4.325043e-19,1.8692565e-07,0.99999917,0.0,False
199.jpg,2,2,2,6.1620887e-24,2.4753398e-19,1.0,3.8690015e-12,0.0,False
2.jpg,2,2,2,8.289796e-21,1.4365241e-19,0.99999964,2.2438098e-09,0.0,False
20.jpg,0,0,0,1.0,5.212783e-18,2.5345833e-18,2.0081664e-18,0.0,False
200.jpg,1,1,3,1.8998768e-29,5.0800596e-25,1.02675604e-32,7.1376917e-22,0.0,True
201.jpg,1,1,1,1.061759e-34,1.0167249e-22,3.1823163e-35,2.5961482e-23,0.0,True
202.jpg,1,1,3,2.5289798e-27,3.3304947e-23,1.0867094e-27,7.074769e-16,0.0,True
203.jpg,1,1,3,7.610081e-27,3.5092545e-26,2.872217e-30,2.8565987e-25,0.0,True
204.jpg,0,0,0,1.0,9.105602e-21,8.227185e-24,3.7054477e-09,0.0,False
205.jpg,1,1,0,4.2010686e-19,3.66276e-24,3.851173e-29,1.1098599e-28,0.0,True
206.jpg,1,1,3,9.704894e-27,1.744083e-22,4.2479126e-35,1.3437067e-17,0.0,True
207.jpg,0,0,0,1.0,2.7579831e-15,3.7081777e-20,9.574917e-13,2.0365432e-38,False
208.jpg,0,0,0,1.0,5.9509826e-18,9.731863e-16,1.05483565e-11,7.034966e-31,False
209.jpg,1,1,3,2.5636714e-23,3.420271e-25,3.8832063e-33,5.4727086e-19,0.0,True
21.jpg,1,1,1,5.879147e-23,6.2867456e-23,0.0,6.985417e-30,0.0,True
210.jpg,0,0,0,1.0,6.5896813e-24,9.951405e-16,1.0659541e-21,0.0,False
211.jpg,3,3,0,0.033230208,5.763496e-24,1.6510579e-13,0.0159087,0.0,True
212.jpg,1,1,0,2.299573e-19,1.01343296e-23,3.5822536e-25,3.9880184e-20,0.0,True
213.jpg,3,3,3,6.401076e-19,3.0897296e-20,2.0959322e-14,1.0,0.0,False
214.jpg,3,3,3,5.7806695e-13,8.240637e-22,5.6306146e-14,0.99999976,0.0,False
215.jpg,1,1,1,6.881595e-33,6.6850385e-22,1.045724e-35,1.0254366e-25,0.0,True
216.jpg,3,3,3,2.6231304e-12,2.0826509e-17,1.2580887e-18,1.0,0.0,False
217.jpg,3,3,3,2.8244986e-06,4.673419e-19,1.2718259e-19,0.9998369,0.0,False
218.jpg,1,1,3,2.6451063e-27,2.5962162e-24,1.3598318e-31,9.640007e-24,0.0,True
219.jpg,3,3,3,1.0479484e-20,4.2357526e-16,2.6506205e-20,1.0,0.0,False
22.jpg,2,2,2,2.4003309e-15,1.2737333e-20,1.0,1.7697359e-17,0.0,False
220.jpg,3,3,3,2.2575344e-16,1.0136168e-19,9.902745e-08,1.0,0.0,False
221.jpg,2,2,2,1.982561e-18,5.3117367e-21,1.0,1.6598533e-11,5.4991784e-35,False
222.jpg,1,1,3,1.890864e-18,4.830297e-25,2.3718395e-24,2.841948e-17,0.0,True
223.jpg,2,2,2,2.572973e-20,3.444368e-22,0.999995,1.1030735e-08,0.0,False
224.jpg,1,1,3,5.2471024e-24,6.5431157e-24,1.8755069e-31,9.583007e-21,0.0,True
225.jpg,3,3,3,3.409688e-09,3.1926498e-21,2.7492283e-11,0.99646395,0.0,False
226.jpg,1,1,1,1.4788174e-23,2.6753126e-22,1.0709216e-30,0.0,0.0,True
227.jpg,1,1,3,4.684413e-27,1.8150187e-23,4.545137e-36,2.412164e-10,0.0,True
228.jpg,0,0,0,0.9999976,5.632509e-20,4.423341e-25,0.02400316,0.0,False
229.jpg,0,0,0,1.0,9.600283e-20,5.8272315e-24,6.446565e-06,0.0,False
23.jpg,2,2,2,1.9359029e-19,2.3207405e-19,1.0,5.693685e-10,0.0,False
230.jpg,3,3,3,1.957867e-12,3.6753484e-21,0.0009006265,0.90267116,8.3926066e-35,False
231.jpg,0,0,0,1.0,1.0483772e-18,1.1099086e-13,1.5985161e-12,0.0,False
232.jpg,3,3,3,7.097785e-13,1.9113739e-17,2.5938697e-13,0.9999906,5.65344e-25,False
233.jpg,3,3,4,5.690543e-06,4.4954576e-14,0.0,0.00095515384,0.04520983,False
234.jpg,1,1,3,2.1501217e-25,1.2562459e-20,3.6104798e-29,8.107988e-15,1.061692e-38,True
235.jpg,3,3,3,1.4916308e-11,1.13214e-18,8.966993e-22,1.0,0.0,False
236.jpg,2,2,2,8.773771e-18,6.573576e-20,1.0,1.5228989e-16,0.0,False
237.jpg,0,0,0,1.0,4.992626e-18,1.3617813e-27,2.8793564e-05,0.0,False
238.jpg,1,1,1,0.0,1.2312197e-20,1.7434879e-33,7.5212685e-22,0.0,True
239.jpg,0,0,0,1.0,5.741566e-19,1.5260037e-24,1.0693809e-18,0.0,False
24.jpg,0,0,0,1.0,2.614758e-20,2.8297668e-06,3.9861953e-19,3.1187486e-38,False
240.jpg,0,0,0,1.0,3.1552892e-19,1.6155357e-17,7.8568104e-18,0.0,False
241.jpg,1,1,3,5.2161737e-37,2.1619131e-20,4.239952e-33,9.353764e-15,0.0,True
242.jpg,3,3,3,4.5002703e-18,3.3614523e-20,1.6103892e-09,1.0,0.0,False
243.jpg,0,0,0,1.0,5.2817863e-23,5.836661e-10,2.3707614e-14,0.0,False
244.jpg,3,3,3,7.442806e-30,5.723977e-14,4.765595e-26,1.0,0.0,False
245.jpg,0,0,0,1.0,1.6961989e-21,9.741793e-21,1.1881823e-22,0.0,False
246.jpg,3,4,0,0.9962135,2.3385506e-26,7.1050554e-10,4.012953e-13,0.0,False
247.jpg,2,2,2,7.24704e-18,3.6143964e-20,1.0,1.1526092e-16,2.2828843e-37,False
248.jpg,3,3,3,0.01551945,3.941739e-19,1.9274509e-19,0.99985015,0.0,False
249.jpg,1,1,3,4.841243e-22,1.22381924e-23,2.2413608e-30,7.3584933e-19,0.0,True
25.jpg,0,0,0,0.9999999,3.5082533e-17,2.0786263e-25,0.00054680055,0.0,False
250.jpg,0,0,0,1.0,1.1588049e-21,9.380452e-16,1.4252761e-09,0.0,False
251.jpg,0,0,0,1.0,4.797528e-21,3.4115336e-29,1.0086836e-07,0.0,False
252.jpg,0,3,0,1.0,3.1154606e-12,0.0,0.00063049066,2.0268187e-21,False
253.jpg,2,2,2,5.590685e-26,2.0043277e-15,1.0,9.517225e-11,0.0,False
254.jpg,1,1,3,1.691579e-28,9.054794e-27,8.976606e-38,1.6909618e-18,0.0,True
255.jpg,1,1,3,2.2104134e-28,4.252462e-23,2.8973875e-28,7.507628e-21,0.0,True
256.jpg,2,2,2,2.0152982e-06,1.1048666e-21,1.0,1.8785414e-14,4.435757e-34,False
257.jpg,1,1,3,3.1089947e-24,3.735315e-24,8.082762e-29,1.1061659e-20,0.0,True
258.jpg,0,0,0,1.0,3.068483e-19,4.7825396e-23,3.9755186e-08,0.0,False
259.jpg,0,0,0,1.0,3.6124215e-22,4.0867028e-21,3.2953837e-14,0.0,False
26.jpg,3,3,3,3.7225412e-09,3.3441305e-15,2.6325615e-21,1.0,0.0,False
260.jpg,1,1,3,1.0316455e-29,4.9482405e-25,1.1086694e-38,1.3363566e-16,0.0,True
261.jpg,2,2,2,1.1871362e-21,1.4829401e-17,1.0,3.253471e-10,0.0,False
262.jpg,1,1,3,2.997433e-21,5.5393147e-25,5.220025e-26,1.806046e-13,0.0,True
263.jpg,2,2,2,2.0959923e-25,6.706655e-20,1.0,6.3185553e-15,0.0,False
264.jpg,3,2,2,3.8878678e-22,1.1385182e-20,1.0,2.3709276e-15,0.0,False
265.jpg,0,0,0,0.99998295,6.0680573e-17,8.597404e-12,1.9873082e-11,0.0,False
266.jpg,2,2,2,3.395759e-21,5.691834e-23,1.0,2.83878e-20,0.0,False
267.jpg,2,2,2,2.6560145e-13,7.201373e-19,1.0,7.209528e-10,0.0,False
268.jpg,1,1,0,6.410753e-19,1.7000635e-24,3.179497e-30,1.1380364e-20,0.0,True
269.jpg,1,1,3,2.7022009e-33,4.93604e-26,2.4784602e-32,4.68459e-20,0.0,True
27.jpg,2,2,2,3.7870843e-15,3.771091e-18,1.0,6.8354063e-07,6.558118e-36,False
270.jpg,2,2,2,1.8929362e-32,6.182855e-17,1.0,1.1519979e-13,1.5034527e-38,False
271.jpg,1,1,3,2.7193314e-21,1.2456401e-24,2.3887258e-26,9.492266e-14,0.0,True
272.jpg,1,1,3,9.473822e-28,2.3825763e-24,3.1115568e-32,9.54261e-24,0.0,True
273.jpg,2,2,2,1.0367034e-21,1.5651622e-17,1.0,2.902108e-11,0.0,False
274.jpg,0,0,0,1.0,6.923071e-24,5.5525194e-24,2.4483826e-15,0.0,False
275.jpg,0,0,0,1.0,9.171408e-23,9.153657e-22,2.951507e-18,0.0,False
276.jpg,0,0,0,1.0,2.630046e-18,7.212285e-27,1.2226626e-22,4.2326135e-26,False
277.jpg,2,2,2,1.4680767e-15,1.449271e-20,0.9999999,3.6932832e-09,4.0273956e-30,False
278.jpg,1,1,3,5.9438255e-29,1.1675009e-22,2.3811205e-33,1.3490894e-17,0.0,True
279.jpg,1,1,3,4.950149e-32,2.214959e-24,2.6792093e-33,5.656798e-20,0.0,True
28.jpg,2,0,2,2.054506e-05,2.0912216e-20,0.0026379493,1.6508274e-10,9.635006e-39,True
280.jpg,0,0,0,1.0,1.9244002e-21,1.6871118e-22,8.131219e-11,0.0,False
281.jpg,0,3,3,2.1923618e-10,5.371934e-20,3.315569e-19,0.99375194,0.0,False
282.jpg,0,0,0,1.0,2.2129315e-17,3.263944e-10,6.8458143e-15,0.0,False
283.jpg,1,1,3,1.9693572e-31,3.7938916e-24,2.1205984e-36,9.893605e-16,0.0,True
284.jpg,1,1,3,2.107632e-27,6.636426e-24,9.562827e-33,2.5542484e-14,0.0,True
285.jpg,2,2,2,4.2909936e-11,5.5757178e-24,0.99998605,2.2868477e-13,0.0,False
286.jpg,3,2,2,1.3161614e-22,1.0011163e-19,1.0,6.1980934e-11,0.0,False
287.jpg,3,3,3,2.284987e-12,1.6623499e-15,1.4148217e-12,0.9982438,2.9192372e-17,False
288.jpg,2,2,2,1.9811867e-24,3.699377e-19,1.0,0.0021258593,0.0,False
289.jpg,0,0,0,1.0,6.980411e-22,3.2750637e-21,7.999217e-19,0.0,False
29.jpg,3,3,3,2.4474131e-05,1.5722765e-18,1.753317e-20,1.0,0.0,False
290.jpg,2,2,2,2.7477694e-05,1.933767e-22,1.0,2.5835342e-14,8.428531e-37,False
291.jpg,1,1,3,4.0762893e-27,3.7001687e-26,3.8215612e-32,5.3485657e-26,0.0,True
292.jpg,1,1,1,1.12201466e-26,2.7106602e-23,9.822437e-35,8.209777e-26,0.0,True
293.jpg,2,2,2,2.3386547e-21,4.3967415e-26,1.0,2.5060856e-19,0.0,False
294.jpg,3,3,3,6.0487996e-19,7.844327e-17,1.873064e-21,1.0,0.0,False
295.jpg,2,2,2,7.432172e-21,6.2366683e-19,1.0,1.9903639e-09,4.636242e-39,False
296.jpg,3,3,3,2.3480635e-32,1.917966e-13,2.9503153e-17,0.99999845,2.824246e-13,False
297.jpg,0,0,0,0.6436213,2.5743697e-18,4.9013246e-20,0.04113826,2.5857897e-38,False
298.jpg,3,3,3,0.5117271,1.112516e-16,2.4143571e-27,0.9995912,1.2383624e-32,False
299.jpg,0,0,0,1.0,9.3898474e-20,6.833862e-23,5.799559e-15,0.0,False
3.jpg,2,2,2,7.2790314e-13,1.9949185e-19,1.0,2.1747189e-11,1.1449163e-35,False
30.jpg,2,2,2,2.884643e-25,8.2111956e-24,1.0,1.6980579e-05,0.0,False
300.jpg,0,0,0,1.0,1.0438973e-15,3.329024e-29,7.209159e-13,0.0,False
301.jpg,0,0,0,1.0,2.8931045e-19,9.602661e-28,4.957082e-06,0.0,False
302.jpg,3,3,3,7.080923e-13,4.9326157e-18,1.397351e-17,1.0,0.0,False
303.jpg,2,2,2,3.6485788e-16,1.1798226e-21,1.0,3.7859285e-15,0.0,False
304.jpg,2,2,2,4.0611968e-07,9.017667e-20,1.0,2.6137658e-16,0.0,False
305.jpg,0,0,0,1.0,7.289072e-18,1.0167722e-28,6.562414e-16,1.478781e-34,False
306.jpg,0,0,0,0.99996126,8.066271e-17,5.162291e-22,3.9496788e-07,2.6196938e-32,False
307.jpg,3,3,3,2.0445192e-18,2.3014556e-15,4.5608486e-24,1.0,3.0339196e-23,False
308.jpg,3,3,3,5.374144e-10,1.890923e-24,3.0113952e-19,1.0,0.0,False
309.jpg,1,1,3,1.629003e-23,1.01862164e-25,3.4829178e-32,5.886154e-21,0.0,True
31.jpg,3,3,3,2.1643352e-31,7.7536066e-20,2.4565527e-09,1.0,0.0,False
310.jpg,1,1,3,3.43669e-22,8.512299e-26,3.1983524e-30,1.4247734e-20,0.0,True
311.jpg,1,1,0,6.3361562e-21,8.2250706e-27,1.1941252e-30,2.8607815e-21,0.0,True
312.jpg,1,1,1,2.1782674e-23,1.3176334e-22,4.9561354e-33,1.5341352e-23,0.0,True
313.jpg,0,0,0,1.0,2.1619142e-19,1.5147878e-08,1.2436654e-12,0.0,False
314.jpg,1,1,1,4.2444685e-32,5.174989e-22,3.1261709e-37,5.8367054e-25,0.0,True
315.jpg,0,0,0,1.0,8.3531843e-22,1.5535801e-25,5.0533857e-18,0.0,False
316.jpg,2,2,2,9.1879656e-17,5.849987e-26,0.9999999,2.3372718e-10,0.0,False
317.jpg,3,3,3,2.9449672e-14,9.496965e-16,6.578215e-13,1.0,0.0,False
318.jpg,0,0,0,1.0,1.1532347e-22,1.6694508e-27,7.626723e-15,0.0,False
319.jpg,0,0,0,0.99748755,3.3717478e-15,3.7722707e-18,2.467102e-05,6.3876115e-34,False
32.jpg,3,3,3,6.87077e-08,1.2142163e-16,2.9692922e-26,0.9999995,3.786885e-21,False
320.jpg,0,0,0,0.99999464,1.8466897e-17,3.186915e-16,4.383969e-12,5.737793e-29,False
321.jpg,1,1,3,1.3810414e-30,2.0723556e-25,5.741484e-32,2.418589e-19,0.0,True
322.jpg,0,0,0,1.0,5.1655523e-18,1.6527513e-15,1.3789021e-14,3.375417e-29,False
323.jpg,3,0,0,0.99999845,7.906015e-21,1.1320683e-15,0.011624385,0.0,False
324.jpg,1,1,3,3.1271235e-23,1.904453e-24,6.390844e-37,8.0714516e-22,0.0,True
325.jpg,1,1,3,6.211199e-32,7.2729435e-23,1.58094e-29,4.9075337e-21,0.0,True
326.jpg,3,3,3,1.0753713e-08,2.1050565e-16,2.3490088e-13,0.99999845,1.3961438e-29,False
327.jpg,1,1,3,7.1203692e-37,2.4020694e-24,1.752087e-35,6.0703987e-16,0.0,True
328.jpg,0,0,0,1.0,1.0792963e-15,7.050582e-14,1.3451693e-12,0.0,False
329.jpg,0,0,0,1.0,1.3512216e-17,4.178166e-19,3.2115395e-06,0.0,False
33.jpg,0,0,0,1.0,5.9215696e-17,1.1339995e-24,3.7777906e-12,7.374042e-24,False
330.jpg,2,2,2,4.8456614e-06,5.824923e-23,1.0,6.309362e-20,0.0,False
331.jpg,0,0,0,0.99971956,8.3592215e-19,2.0833052e-22,5.4678785e-05,0.0,False
332.jpg,0,0,0,1.0,2.1389557e-17,2.076807e-29,9.980218e-09,0.0,False
333.jpg,0,0,0,1.0,1.6633478e-20,1.6247267e-16,2.928685e-13,0.0,False
334.jpg,2,2,2,1.7643538e-20,8.036703e-22,1.0,4.418776e-15,0.0,False
335.jpg,0,0,0,1.0,1.5739739e-19,1.3407022e-23,1.3286477e-09,0.0,False
336.jpg,0,0,0,0.9999999,7.1586285e-16,5.916499e-14,1.2426611e-14,7.343584e-39,False
337.jpg,2,2,2,2.691141e-19,2.2062692e-20,1.0,1.1288268e-09,0.0,False
338.jpg,2,2,2,2.6204988e-13,2.3441365e-23,1.0,1.6163057e-14,0.0,False
339.jpg,2,2,2,5.5272847e-17,4.3783918e-21,1.0,3.9625052e-12,0.0,False
34.jpg,2,2,2,3.2735712e-17,3.9113755e-20,1.0,3.1610288e-16,0.0,False
340.jpg,3,3,3,5.170041e-09,2.197864e-17,1.0594311e-14,0.9974957,0.0,False
341.jpg,1,1,3,4.8804247e-29,7.712384e-23,2.176172e-33,7.877022e-22,0.0,True
342.jpg,3,3,3,8.8591864e-20,6.8229774e-22,4.2974628e-19,1.0,0.0,False
343.jpg,1,1,3,1.8489193e-22,3.406965e-24,1.8479036e-30,1.3698313e-19,0.0,True
344.jpg,3,3,3,9.7666424e-11,4.3865618e-16,1.7181739e-18,0.9999999,7.567829e-31,False
345.jpg,0,0,0,1.0,1.0733335e-17,4.633271e-17,5.43567e-13,0.0,False
346.jpg,3,3,3,2.0756588e-10,4.271739e-18,7.225653e-24,0.73397774,3.0638182e-25,False
347.jpg,2,2,2,9.2328904e-05,8.1261973e-22,0.9999982,1.3967918e-13,0.0,False
348.jpg,3,3,3,5.7212915e-14,1.7842639e-23,3.238346e-14,0.9999244,0.0,False
349.jpg,1,1,1,1.2529336e-28,1.5252896e-22,4.2869908e-31,6.1382094e-23,0.0,True
35.jpg,3,3,3,6.018906e-17,2.490087e-18,1.6600419e-09,1.0,3.2541808e-35,False
350.jpg,3,3,3,6.7501467e-09,1.3006587e-15,2.4663604e-24,0.9998491,7.824387e-26,False
351.jpg,1,1,3,8.858493e-24,5.3220525e-24,9.688761e-28,4.4661173e-18,0.0,True
352.jpg,3,3,3,7.653201e-11,5.27224e-25,1.4163143e-09,0.9424775,0.0,False
353.jpg,0,0,0,1.0,3.7054507e-19,4.883473e-24,6.035816e-10,0.0,False
354.jpg,3,3,3,3.561459e-11,1.8390323e-19,1.9742617e-12,1.0,0.0,False
355.jpg,3,3,3,3.6775193e-06,5.120183e-15,1.2559459e-17,7.053756e-05,5.1413627e-29,True
356.jpg,2,2,2,2.1751908e-12,1.0141669e-17,1.0,8.563456e-13,3.5763058e-37,False
357.jpg,0,0,0,1.0,6.7509804e-21,2.0201263e-21,6.7535163e-14,0.0,False
358.jpg,2,2,2,5.710681e-11,6.1124516e-18,1.0,2.4105164e-11,3.994282e-39,False
359.jpg,1,1,3,3.7000843e-26,3.4452763e-21,3.4008754e-31,9.117939e-10,0.0,True
36.jpg,1,1,0,7.9711807e-22,2.343079e-25,1.0842626e-34,2.5978974e-26,0.0,True
360.jpg,0,0,0,1.0,7.6749874e-17,3.8420927e-20,3.18365e-10,3.1153914e-33,False
361.jpg,2,3,3,3.932016e-22,2.1180092e-23,0.9963594,0.99972314,0.0,True
362.jpg,0,0,0,1.0,1.5600358e-17,7.385619e-22,5.517067e-10,0.0,False
363.jpg,0,0,0,1.0,1.4800081e-23,2.937057e-22,3.45044e-09,0.0,False
364.jpg,2,2,2,4.085373e-08,1.5212874e-20,0.9999982,2.0959623e-08,1.0177372e-38,False
365.jpg,3,3,3,1.5505032e-15,8.888133e-19,0.006470408,0.9999902,2.6920556e-26,False
366.jpg,3,3,3,3.877183e-10,5.768e-18,6.4761533e-21,1.0,9.911135e-38,False
367.jpg,0,0,0,1.0,2.158804e-22,3.469603e-10,1.08238515e-10,0.0,False
368.jpg,3,3,3,2.4622523e-06,7.229707e-16,2.1997877e-22,0.00058472325,3.336646e-14,True
369.jpg,0,0,0,1.0,4.3010974e-22,2.2241609e-18,6.933267e-18,0.0,False
37.jpg,0,0,0,0.9999995,1.1246244e-18,2.629444e-18,5.601864e-07,0.0,False
370.jpg,3,3,3,1.8666124e-10,1.6490719e-17,8.3010753e-14,0.008688602,4.83608e-35,True
371.jpg,1,1,0,9.6957885e-20,2.7986783e-24,5.3158648e-31,8.040779e-30,0.0,True
372.jpg,3,3,2,7.8217706e-16,1.4176086e-17,0.002596575,0.00025934164,1.194712e-13,True
373.jpg,2,2,2,2.1531264e-32,8.933303e-20,1.0,5.0166155e-10,0.0,False
374.jpg,1,1,1,4.4932556e-25,8.828877e-23,1.08308955e-32,1.7787048e-23,0.0,True
375.jpg,2,2,2,1.5000676e-22,1.1506093e-18,1.0,1.9464813e-15,0.0,False
376.jpg,1,1,3,2.0613313e-27,3.1780927e-21,1.5522475e-32,1.1845228e-19,0.0,True
377.jpg,1,1,3,1.6655871e-30,1.4492483e-21,1.0021397e-35,1.5943884e-18,0.0,True
378.jpg,0,0,0,1.0,1.8571788e-19,7.2756577e-17,3.2895586e-16,0.0,False
379.jpg,2,2,2,1.1435742e-31,1.4304793e-22,1.0,1.8766855e-07,0.0,False
38.jpg,3,3,3,1.7714168e-18,5.041316e-17,5.6879136e-20,1.0,5.4565867e-37,False
380.jpg,3,3,3,1.6033672e-17,1.8618157e-21,2.2825478e-08,0.9999509,0.0,False
381.jpg,0,0,0,1.0,4.2612233e-19,2.2317448e-23,1.1400529e-08,0.0,False
382.jpg,1,1,3,1.1547965e-16,1.7509817e-23,2.9687392e-25,1.6131212e-14,0.0,True
383.jpg,0,0,0,1.0,8.187386e-18,2.601227e-28,2.8248892e-06,0.0,False
384.jpg,2,2,2,1.3800127e-25,4.0564193e-12,0.9998969,1.2464017e-07,2.9963142e-35,False
385.jpg,0,0,0,1.0,9.3603654e-23,2.0792217e-17,7.3978916e-09,0.0,False
386.jpg,0,0,0,1.0,1.430225e-19,1.8987325e-21,4.9728586e-14,5.2550734e-32,False
387.jpg,3,3,3,1.0104682e-12,1.0538545e-18,7.126983e-19,0.9999982,0.0,False
388.jpg,0,0,0,1.0,6.445152e-20,6.4760606e-19,1.5766878e-22,0.0,False
389.jpg,1,1,3,4.097234e-31,2.1770384e-23,0.0,2.0121498e-22,0.0,True
39.jpg,0,0,0,1.0,1.2064458e-16,6.8838533e-18,2.6567923e-15,2.6573775e-32,False
390.jpg,1,1,3,1.130268e-24,1.3013749e-20,5.2776496e-26,1.3795936e-11,1.6616039e-20,True
391.jpg,0,0,0,1.0,5.6495764e-19,2.1990202e-18,8.549526e-19,0.0,False
392.jpg,3,3,3,1.1014128e-19,4.5456122e-18,2.6112729e-17,1.0,0.0,False
393.jpg,3,3,3,7.041367e-13,1.5824592e-16,1.5181645e-10,1.3754301e-05,1.5125446e-34,True
394.jpg,1,1,3,5.146527e-20,4.584504e-23,7.578356e-28,1.0005518e-18,0.0,True
395.jpg,0,0,0,0.99425757,1.1694664e-15,8.533601e-17,1.3043977e-07,3.569322e-25,False
396.jpg,2,2,2,7.8034565e-20,2.3206475e-23,0.9996799,0.0005631303,4.553825e-39,False
397.jpg,3,3,3,3.1825145e-10,2.774393e-14,1.20982e-15,0.9999987,8.0763703e-32,False
398.jpg,3,3,3,5.429773e-17,1.0624602e-18,8.75606e-12,1.0,0.0,False
399.jpg,0,0,0,0.99999976,1.7651974e-18,2.27096e-21,6.612078e-09,0.0,False
4.jpg,0,0,0,1.0,2.3457542e-24,5.0853036e-14,8.3090343e-16,0.0,False
40.jpg,3,3,3,5.884332e-15,1.0779949e-17,2.0228105e-13,0.68268424,0.0,False
400.jpg,0,0,0,1.0,6.86528e-20,3.2346607e-29,9.363716e-13,0.0,False
401.jpg,3,3,3,2.3398534e-26,1.10241914e-16,1.8723822e-17,1.0,9.2911955e-33,False
402.jpg,0,0,0,1.0,5.5258692e-18,2.0489886e-11,5.2419354e-11,0.0,False
403.jpg,1,1,3,1.4756058e-30,3.7865735e-25,1.4205894e-27,1.4965678e-17,0.0,True
404.jpg,1,1,0,4.6007037e-18,2.3689344e-26,9.870515e-35,6.4726077e-25,0.0,True
405.jpg,3,3,0,0.92080945,6.6500924e-22,0.00010999512,1.4128958e-06,0.0,False
406.jpg,0,3,0,0.99993694,9.248893e-20,6.5469417e-22,0.045505095,0.0,False
407.jpg,2,2,2,2.1809164e-26,4.3086275e-18,0.9962586,8.7089524e-05,0.0,False
408.jpg,1,1,3,1.6595461e-26,1.3272477e-23,7.6691125e-30,6.8872524e-15,0.0,True
409.jpg,0,0,0,1.0,5.1262842e-21,7.379314e-14,4.3094824e-14,0.0,False
41.jpg,3,3,3,1.3388334e-13,4.9932934e-14,1.8227967e-12,0.9748526,8.727806e-14,False
410.jpg,1,1,3,1.8636538e-31,2.7022768e-23,5.5367253e-37,3.9229042e-16,0.0,True
411.jpg,2,2,2,5.221754e-20,1.3260258e-19,1.0,0.00048217637,1.3977623e-31,False
412.jpg,3,3,2,1.9912309e-19,4.81468e-17,0.0031127364,0.001458123,0.0,True
413.jpg,0,0,0,0.9977729,1.2278218e-16,1.5513959e-16,1.4377445e-06,0.0,False
414.jpg,3,3,3,2.3027086e-25,8.340388e-21,5.6814904e-14,0.9999994,0.0,False
415.jpg,2,2,2,8.637941e-11,9.265247e-19,0.002057975,0.00060102704,0.0,True
416.jpg,0,0,0,1.0,3.3912e-15,1.1704337e-17,8.7050467e-10,4.1880477e-32,False
417.jpg,3,3,3,4.166576e-13,6.5266565e-18,9.3927805e-21,0.9999987,7.7230985e-31,False
418.jpg,0,0,0,1.0,1.6654096e-22,9.5027795e-20,1.5024569e-13,0.0,False
419.jpg,1,1,3,1.0834273e-34,4.133923e-24,6.3868805e-34,2.996084e-21,0.0,True
42.jpg,1,1,3,9.616228e-27,2.7518843e-25,9.21212e-30,5.0134664e-18,0.0,True
420.jpg,1,1,3,4.6278844e-24,1.2200104e-24,3.4765127e-36,2.9599795e-22,0.0,True
421.jpg,3,1,4,3.4653904e-21,5.5924354e-18,4.6466384e-38,3.278117e-34,5.5735327e-15,True
422.jpg,3,3,3,2.6327897e-23,9.564042e-16,1.9112645e-17,1.0,0.0,False
423.jpg,3,3,3,7.327338e-21,8.282416e-17,6.954473e-07,0.9988992,1.8553244e-33,False
424.jpg,2,2,2,2.925059e-15,1.7933833e-20,1.0,2.424423e-11,0.0,False
425.jpg,0,0,0,1.0,2.7913274e-20,2.8405687e-19,4.409845e-14,2.1286616e-37,False
426.jpg,1,1,0,6.4331904e-20,1.6494487e-25,4.0366804e-25,5.2267106e-22,0.0,True
427.jpg,2,2,2,8.7126554e-21,5.802452e-17,1.0,8.3142466e-13,0.0,False
428.jpg,2,2,2,1.4469814e-16,4.9599347e-19,1.0,8.6077784e-11,0.0,False
429.jpg,2,2,2,1.4783554e-15,7.72379e-20,1.0,4.6553403e-12,2.0163384e-36,False
43.jpg,1,1,3,2.7085796e-25,2.7080981e-22,6.349685e-35,8.700106e-20,0.0,True
430.jpg,1,1,3,6.3811078e-27,2.3021278e-26,1.09364925e-29,2.6714367e-15,0.0,True
431.jpg,2,2,2,7.920546e-18,8.740085e-21,1.0,1.03977245e-05,0.0,False
432.jpg,2,2,2,3.1389777e-24,1.6061746e-20,1.0,2.5342256e-18,0.0,False
433.jpg,2,2,2,1.1410729e-16,3.992722e-20,1.0,3.2317364e-11,0.0,False
434.jpg,3,3,3,4.546797e-12,1.35234575e-17,1.3743324e-12,0.9996369,0.0,False
435.jpg,1,1,3,1.3881906e-26,6.1737624e-23,9.3933954e-35,1.0875908e-12,0.0,True
436.jpg,1,1,3,5.809143e-24,2.4662097e-24,1.2469532e-30,1.3403528e-18,0.0,True
437.jpg,3,3,3,4.4120108e-20,5.393461e-17,1.1279334e-13,1.0,4.002047e-31,False
438.jpg,2,2,2,2.922125e-23,3.9829747e-18,1.0,4.2103924e-14,0.0,False
439.jpg,3,3,3,5.1695263e-36,1.7984901e-13,1.6587504e-24,1.0,0.0,False
44.jpg,0,0,0,1.0,3.737618e-20,3.5578896e-25,6.9045036e-09,0.0,False
440.jpg,0,0,0,0.99999857,4.5195236e-17,3.5454216e-12,1.2498555e-08,4.180217e-29,False
441.jpg,0,0,0,1.0,2.8443553e-25,9.551776e-19,9.135809e-12,0.0,False
442.jpg,0,0,0,1.0,7.7664577e-19,1.0652585e-22,8.743355e-13,0.0,False
443.jpg,2,2,2,7.182444e-11,2.7954272e-22,1.0,6.934776e-14,0.0,False
444.jpg,2,2,2,5.6715526e-21,1.750017e-19,1.0,1.5105735e-14,0.0,False
445.jpg,3,3,3,4.0944145e-12,4.3138573e-18,5.919714e-11,0.9999639,3.6495775e-18,False
446.jpg,1,1,1,0.0,5.7312627e-18,4.1857073e-36,4.3186683e-24,2.2971378e-32,True
447.jpg,0,0,0,1.0,1.6936175e-23,3.0231076e-22,6.93034e-12,0.0,False
448.jpg,2,2,2,8.641147e-09,2.2825337e-24,1.0,2.1177017e-16,0.0,False
449.jpg,0,0,0,1.0,1.0412818e-20,6.1636435e-23,6.0889996e-16,0.0,False
45.jpg,0,0,0,1.0,8.586688e-19,6.6787773e-12,1.4717044e-15,0.0,False
450.jpg,0,0,0,1.0,9.774028e-21,7.6308855e-22,1.865411e-12,0.0,False
451.jpg,1,1,3,2.4357581e-24,1.2413098e-23,1.01913477e-25,7.4542945e-20,0.0,True
452.jpg,0,0,0,1.0,1.0082405e-20,1.4799687e-23,4.871197e-15,0.0,False
453.jpg,1,1,3,6.745474e-28,6.95645e-25,2.8613068e-35,1.6069714e-20,0.0,True
454.jpg,2,2,2,1.4219789e-25,1.2285139e-18,1.0,7.333415e-11,0.0,False
455.jpg,2,2,2,2.147706e-23,6.597778e-17,1.0,4.0043056e-13,0.0,False
456.jpg,3,2,3,1.14299346e-17,6.5914675e-16,0.00016511141,0.7523618,2.7497214e-26,False
457.jpg,0,0,0,0.9999988,2.1807364e-16,3.331092e-08,8.09049e-10,0.0,False
458.jpg,0,0,0,1.0,1.6075755e-16,2.4602592e-26,3.1903669e-10,5.566579e-32,False
459.jpg,3,2,2,5.9617525e-18,2.3021662e-23,1.0,5.347288e-16,0.0,False
46.jpg,1,1,1,3.695487e-25,1.8350822e-24,9.823947e-25,2.8092449e-25,0.0,True
460.jpg,2,2,2,4.1203248e-22,2.784148e-21,1.0,1.3560659e-16,0.0,False
461.jpg,3,3,3,6.229118e-08,4.2491043e-16,2.6947321e-11,0.2824975,2.9855404e-37,False
462.jpg,1,1,0,5.812914e-23,7.927688e-24,3.3519613e-29,7.0721276e-30,0.0,True
463.jpg,2,2,2,1.5042412e-27,2.2594321e-14,0.9999999,1.1310967e-08,0.0,False
464.jpg,3,3,3,5.7539613e-09,4.600947e-19,5.388794e-24,1.0,0.0,False
465.jpg,3,3,3,3.8632028e-17,6.130493e-21,1.3610894e-10,1.0,0.0,False
466.jpg,3,3,3,4.407615e-06,3.244703e-17,1.18070105e-20,1.0,0.0,False
467.jpg,3,3,3,1.3091111e-22,2.1236373e-18,6.551909e-12,1.0,0.0,False
468.jpg,0,0,0,1.0,2.282728e-14,1.8978075e-19,4.7130204e-08,7.8961896e-36,False
469.jpg,0,3,0,0.6469214,6.857252e-18,4.5835457e-14,0.4310909,0.0,False
47.jpg,3,3,3,1.1160122e-12,2.9429225e-22,6.373875e-05,0.79076207,0.0,False
470.jpg,0,0,0,1.0,1.2571074e-22,1.6252275e-25,9.652353e-20,0.0,False
471.jpg,3,3,2,9.470172e-28,6.2720355e-16,0.99999774,6.609232e-08,2.1629689e-20,False
472.jpg,3,3,3,4.399199e-15,4.0460937e-13,3.2111382e-16,0.99997294,0.0028979378,False
473.jpg,1,1,3,3.2835048e-30,2.1305047e-23,1.0285136e-37,1.0009161e-22,0.0,True
474.jpg,3,3,0,0.022326691,1.4795788e-16,9.886536e-19,7.1301138e-06,3.697347e-18,False
475.jpg,0,0,0,0.99993634,6.08352e-16,1.318809e-16,7.283076e-07,1.1128046e-31,False
476.jpg,2,2,2,3.124293e-11,3.491875e-22,1.0,3.1950235e-15,0.0,False
477.jpg,3,4,3,7.436689e-19,1.23187275e-20,3.539478e-18,6.567023e-07,9.1014835e-14,True
478.jpg,0,0,0,1.0,2.111456e-18,7.34084e-24,2.7658366e-12,0.0,False
479.jpg,2,2,2,2.5021266e-15,2.1768409e-21,1.0,4.2754655e-10,0.0,False
48.jpg,2,2,2,1.3922912e-13,8.6662575e-19,1.0,4.104554e-13,0.0,False
480.jpg,3,3,3,5.752932e-16,1.0065008e-18,5.8913376e-23,1.0,0.0,False
481.jpg,2,2,2,7.084393e-21,3.3369985e-20,1.0,6.6954024e-14,0.0,False
482.jpg,0,0,0,1.0,2.975317e-16,5.6214693e-15,4.5819807e-14,2.0206187e-22,False
483.jpg,0,0,0,0.99999917,1.6076229e-18,2.172547e-18,1.8868873e-06,9.796798e-36,False
484.jpg,1,1,1,8.6743755e-38,3.137069e-20,2.87493e-34,1.5200691e-20,0.0,True
485.jpg,0,0,0,1.0,2.6416653e-21,6.1953603e-27,2.208896e-13,0.0,False
486.jpg,1,1,3,1.0878728e-31,2.0023487e-22,0.0,1.2258427e-15,0.0,True
487.jpg,2,2,2,2.2292025e-14,1.3643615e-18,0.9995474,0.00018587947,5.707861e-37,False
488.jpg,3,3,3,1.8628317e-21,8.4949795e-18,1.998344e-21,1.0,0.0,False
489.jpg,1,1,3,2.1149978e-23,2.2269218e-24,5.0280598e-26,1.6142011e-22,0.0,True
49.jpg,1,1,3,6.092837e-37,3.4429623e-22,4.592333e-36,2.6506778e-15,0.0,True
490.jpg,3,3,3,1.2452368e-12,1.0126801e-14,0.000107370346,0.01251288,2.2249149e-34,True
491.jpg,0,0,0,1.0,1.4178844e-17,2.7508369e-31,1.377195e-12,1.3145356e-37,False
492.jpg,2,2,2,3.314452e-14,1.6163425e-18,1.0,2.4838773e-11,3.698623e-30,False
493.jpg,1,1,3,1.5329118e-24,9.989644e-28,6.819245e-33,4.0276503e-18,0.0,True
494.jpg,3,4,4,4.970614e-28,3.4387554e-18,3.7102114e-37,4.6033158e-08,1.0,False
495.jpg,1,1,3,3.457449e-39,1.8225336e-22,2.9546932e-34,1.9362575e-19,0.0,True
496.jpg,0,0,0,1.0,1.3659907e-19,3.018192e-19,4.5500284e-10,0.0,False
497.jpg,0,0,0,1.0,6.1565095e-20,3.3430668e-18,8.303364e-08,0.0,False
498.jpg,2,2,2,1.0660336e-13,8.577807e-21,1.0,5.310292e-12,0.0,False
499.jpg,2,2,2,1.5104039e-21,2.4521178e-18,1.0,2.1973528e-07,0.0,False
5.jpg,0,0,0,1.0,1.3562663e-18,2.619897e-22,7.9700545e-11,3.7952657e-32,False
50.jpg,0,0,0,0.99998665,1.3206288e-20,1.1856084e-18,0.00027493734,0.0,False
500.jpg,3,3,3,9.736466e-07,1.8854061e-16,8.9135074e-24,0.9992894,1.2771094e-21,False
501.jpg,1,1,3,4.432621e-22,1.6007047e-22,4.608233e-28,2.7692254e-12,0.0,True
502.jpg,0,0,0,0.9999995,3.4718547e-17,6.518778e-23,0.024105014,2.6692356e-38,False
503.jpg,0,0,0,0.66609937,1.1212105e-18,6.698742e-07,4.0251212e-08,0.0,False
504.jpg,3,0,0,0.5452139,6.5891816e-23,1.8229502e-15,1.7041579e-05,0.0,False
505.jpg,3,3,3,2.1418396e-08,1.2336951e-16,3.7843328e-34,1.0,5.217925e-37,False
506.jpg,2,2,2,5.4855657e-18,2.977298e-20,1.0,2.0983153e-11,0.0,False
507.jpg,0,0,0,1.0,2.1880993e-19,6.04168e-17,8.972205e-12,0.0,False
508.jpg,3,3,3,3.38849e-19,1.443619e-15,6.317906e-11,1.0,0.0,False
509.jpg,3,3,3,3.5235465e-07,4.9591946e-20,1.3080897e-19,0.9988342,0.0,False
51.jpg,0,0,0,1.0,1.5155075e-19,2.5596196e-20,1.02845495e-14,0.0,False
510.jpg,2,2,2,2.4581791e-24,8.67883e-19,1.0,7.29997e-06,0.0,False
511.jpg,0,0,0,1.0,3.558296e-18,2.1262734e-09,1.407667e-16,0.0,False
512.jpg,1,1,1,3.197822e-26,1.5787582e-22,5.256609e-35,5.6350896e-27,0.0,True
513.jpg,2,2,2,1.1597448e-17,3.5958207e-18,1.0,6.013425e-16,0.0,False
514.jpg,0,0,0,1.0,1.5203062e-21,3.8997775e-31,2.8838479e-12,0.0,False
515.jpg,0,0,0,1.0,1.4857083e-18,4.3449123e-15,5.6798624e-15,0.0,False
516.jpg,1,1,3,2.3483499e-32,2.2992075e-24,2.2192233e-30,2.1163082e-20,0.0,True
517.jpg,2,2,2,1.3557166e-20,8.806719e-21,1.0,1.5708155e-12,0.0,False
518.jpg,0,0,0,1.0,4.942047e-20,3.1500487e-17,7.814797e-11,0.0,False
519.jpg,2,2,2,4.4047705e-24,3.58789e-24,0.99997675,5.559496e-06,0.0,False
52.jpg,3,3,3,1.7571173e-12,3.55345e-20,2.5527177e-07,0.010751647,0.0,True
520.jpg,0,0,0,1.0,6.2942052e-24,2.8274299e-14,8.4942746e-16,0.0,False
521.jpg,1,1,3,1.9747775e-27,1.776203e-23,1.699349e-33,1.9548685e-14,0.0,True
522.jpg,1,1,3,6.326246e-31,5.9153622e-24,0.0,5.2893035e-17,0.0,True
523.jpg,3,4,4,1.0133704e-17,6.2709835e-16,0.000345027,5.1998606e-23,1.0,False
524.jpg,3,3,3,1.3083284e-13,3.472505e-16,2.0320778e-11,2.220337e-05,4.898532e-23,True
525.jpg,3,3,3,1.5223803e-05,8.069132e-17,1.7668819e-10,0.5419783,9.190539e-29,False
526.jpg,2,2,2,3.8293216e-26,1.6729098e-15,0.99999964,4.4952742e-08,9.245918e-30,False
527.jpg,2,2,2,1.4144979e-16,3.3072193e-19,1.0,2.6464545e-15,0.0,False
528.jpg,0,0,0,1.0,7.2768646e-21,4.57106e-22,5.5940027e-11,0.0,False
529.jpg,3,3,3,2.1941073e-13,5.1539146e-20,1.2730712e-07,0.90269643,0.0,False
53.jpg,2,2,2,6.4190634e-22,6.6814254e-20,1.0,1.4046624e-17,0.0,False
530.jpg,1,1,1,9.168967e-29,2.9618674e-21,1.5712488e-36,4.8948147e-23,0.0,True
531.jpg,2,2,2,6.6096536e-14,1.5302725e-22,1.0,1.2800571e-18,0.0,False
532.jpg,1,1,0,2.2524193e-21,5.9867577e-24,3.8944177e-35,2.982643e-26,0.0,True
533.jpg,3,3,3,5.625378e-06,4.5369526e-17,5.753281e-24,1.0,0.0,False
534.jpg,2,2,2,5.633812e-23,4.4796116e-19,1.0,6.268136e-09,0.0,False
535.jpg,2,2,2,1.5416612e-24,4.368429e-15,1.0,1.5526474e-07,0.0,False
536.jpg,2,2,2,6.6227236e-15,1.4103752e-17,0.9986082,0.0016052909,7.303138e-30,False
537.jpg,1,1,3,9.6608397e-32,6.495274e-22,3.2124674e-35,1.2820399e-20,0.0,True
538.jpg,3,3,3,1.7680524e-13,3.8493915e-16,7.7838775e-24,1.0,1.0214341e-34,False
539.jpg,0,0,0,1.0,3.705752e-24,1.9914732e-20,7.2065466e-13,0.0,False
54.jpg,1,1,3,2.470587e-25,4.8281834e-23,1.7918782e-28,1.4831852e-22,0.0,True
540.jpg,2,2,2,1.16096915e-20,6.7153297e-21,1.0,2.00738e-12,0.0,False
541.jpg,0,0,0,1.0,2.6699628e-20,1.9159929e-19,6.2294737e-07,0.0,False
542.jpg,0,0,0,1.0,4.9418985e-19,5.5329658e-11,5.5632516e-11,4.877565e-34,False
543.jpg,2,2,2,1.866384e-18,4.601897e-18,0.9999994,0.0011086225,4.017408e-29,False
544.jpg,0,0,3,0.1350576,2.2095163e-16,2.9100644e-17,0.9840456,0.0,False
545.jpg,0,0,0,0.9999999,2.6209195e-20,2.0968362e-21,3.2452376e-12,9.2798415e-37,False
546.jpg,2,2,2,2.5916133e-14,9.663654e-22,1.0,4.4673964e-14,0.0,False
547.jpg,0,0,0,1.0,2.4654929e-18,9.391715e-34,4.4106165e-19,1.3209821e-19,False
548.jpg,2,2,2,1.2960541e-20,3.1744352e-20,1.0,6.31972e-09,0.0,False
549.jpg,1,1,3,3.435984e-36,1.2141419e-24,2.9154706e-28,4.416559e-19,0.0,True
55.jpg,0,0,0,1.0,1.9153225e-17,6.4919582e-21,1.6536417e-10,0.0,False
550.jpg,3,3,3,0.0034997333,1.3375296e-16,2.573615e-17,0.99946743,8.361898e-27,False
551.jpg,3,3,3,7.621592e-18,3.1960072e-17,5.3230946e-29,1.0,4.149031e-37,False
552.jpg,0,0,0,0.9999348,3.378581e-17,2.3732965e-24,9.778922e-08,1.0348189e-28,False
553.jpg,3,3,2,9.54801e-22,5.1601557e-18,0.012119462,0.00033285993,0.0,True
554.jpg,2,2,2,2.5547756e-17,4.0291367e-20,0.9999999,3.5466192e-07,0.0,False
555.jpg,1,1,1,1.1775627e-33,2.283174e-20,0.0,2.3257418e-24,0.0,True
556.jpg,0,0,0,1.0,3.6514138e-19,2.1244777e-20,8.566576e-13,0.0,False
557.jpg,2,2,2,3.458568e-18,9.674798e-21,1.0,5.8639406e-11,0.0,False
558.jpg,1,1,3,2.592272e-28,1.5634492e-25,6.3995353e-35,8.815694e-21,0.0,True
559.jpg,0,0,0,1.0,1.3451119e-17,2.391912e-23,4.082767e-06,0.0,False
56.jpg,1,1,3,2.0649669e-35,4.4318363e-25,3.598993e-39,5.8990563e-21,0.0,True
560.jpg,2,2,2,5.4280184e-15,2.4173242e-20,1.0,2.8942116e-13,0.0,False
561.jpg,0,0,0,1.0,5.5974114e-17,5.344513e-24,3.222259e-10,5.201452e-29,False
562.jpg,2,2,2,6.8823625e-24,5.098022e-23,1.0,1.7261612e-12,0.0,False
563.jpg,2,2,2,3.033612e-20,1.1787405e-25,1.0,4.866306e-10,0.0,False
564.jpg,1,1,3,1.5173332e-22,2.7414825e-23,5.1412685e-35,9.4122976e-20,0.0,True
565.jpg,2,2,2,1.300092e-09,9.21313e-17,0.06599321,9.2365594e-11,2.4593167e-22,False
566.jpg,0,0,0,1.0,7.289033e-21,1.2690482e-20,6.0206354e-11,0.0,False
567.jpg,2,2,2,3.9063393e-18,3.0679178e-21,1.0,4.894963e-16,0.0,False
568.jpg,1,1,3,3.647282e-25,7.2567793e-25,8.316002e-33,1.9357616e-20,0.0,True
569.jpg,1,1,3,2.0944396e-27,1.9124611e-24,5.772124e-38,9.107526e-18,0.0,True
57.jpg,1,1,3,2.0966625e-34,2.4149724e-21,2.082313e-36,4.1955794e-13,0.0,True
570.jpg,1,1,3,8.29043e-28,4.9945677e-26,0.0,4.6726347e-19,0.0,True
571.jpg,2,2,2,2.932951e-20,2.6008665e-23,1.0,1.9037012e-09,0.0,False
572.jpg,1,1,3,2.541429e-25,2.8691816e-24,9.659671e-30,5.849843e-22,0.0,True
573.jpg,1,1,0,6.5268715e-21,5.563775e-25,5.7390447e-35,3.4332278e-31,0.0,True
574.jpg,3,3,3,2.0222437e-24,7.5272324e-16,0.0,1.0,5.1656734e-17,False
575.jpg,3,3,3,2.5587625e-26,1.8610093e-18,5.0212212e-17,0.90546304,2.202911e-30,False
576.jpg,0,0,0,1.0,6.214268e-21,3.5248094e-23,1.8277665e-10,0.0,False
577.jpg,0,0,0,0.99999976,7.803159e-20,1.9179132e-22,1.0842959e-07,0.0,False
578.jpg,1,1,3,4.323784e-29,1.0079231e-24,0.0,3.8939216e-23,0.0,True
579.jpg,2,2,2,2.0552682e-21,4.236397e-17,1.0,6.7228807e-13,2.4272826e-37,False
58.jpg,1,1,3,1.9845154e-31,4.191643e-25,2.5016697e-29,1.2419401e-15,0.0,True
580.jpg,3,3,3,7.856695e-17,8.9301823e-17,3.30863e-28,1.0,1.3111865e-20,False
581.jpg,3,3,3,4.635453e-10,3.365327e-20,1.7432374e-08,0.93195873,1.8651333e-31,False
582.jpg,1,1,3,1.2597108e-27,2.6365385e-23,5.2976284e-30,6.8623996e-20,0.0,True
583.jpg,1,1,3,7.2993115e-33,1.0302402e-24,7.4271276e-36,6.7303943e-18,0.0,True
584.jpg,2,3,2,5.6451417e-18,9.204219e-22,0.99998856,4.6416462e-05,0.0,False
585.jpg,1,1,3,1.8096966e-29,6.5903345e-24,1.8953436e-38,4.3843532e-16,0.0,True
586.jpg,0,0,0,1.0,1.584021e-19,8.113178e-17,5.3044897e-09,0.0,False
587.jpg,1,1,0,1.0948838e-12,5.2746943e-25,2.3504377e-25,1.5148497e-25,0.0,True
588.jpg,1,1,3,4.5329877e-26,2.2718565e-25,2.7745345e-34,1.806093e-18,0.0,True
589.jpg,1,1,3,1.0022644e-38,3.612831e-24,5.76277e-39,2.0919455e-11,0.0,True
59.jpg,0,0,0,1.0,1.7686668e-20,9.1879254e-33,1.4944095e-12,0.0,False
590.jpg,1,1,0,1.1645838e-13,1.1439735e-27,5.53635e-20,4.141313e-30,0.0,True
591.jpg,2,2,2,5.4828037e-18,4.721149e-21,1.0,1.0607237e-13,4.5713387e-37,False
592.jpg,2,2,2,2.6154818e-12,3.051122e-22,1.0,2.2807655e-14,0.0,False
593.jpg,3,3,3,7.3916457e-16,7.822573e-17,3.3965664e-11,0.99998116,0.0,False
594.jpg,2,2,2,4.0432955e-23,3.1032734e-23,1.0,1.0547119e-09,0.0,False
595.jpg,1,1,3,1.9494387e-30,5.5740995e-25,2.0010549e-33,3.4484807e-12,0.0,True
596.jpg,0,0,0,1.0,6.1520455e-21,6.1765672e-15,4.4200074e-11,2.6594327e-27,False
597.jpg,3,3,3,3.5513294e-16,3.351734e-20,3.7676772e-21,1.0,0.0,False
598.jpg,3,2,3,6.203232e-13,2.9804843e-17,5.827098e-05,0.006606653,1.9092693e-23,True
599.jpg,1,1,1,2.5038935e-37,8.008923e-20,0.0,2.228777e-22,0.0,True
6.jpg,3,3,3,1.2335127e-14,3.9660376e-19,1.14725e-14,1.0,0.0,False
60.jpg,3,3,3,1.3643569e-17,4.6619947e-16,1.3602414e-13,0.99936813,8.231305e-11,False
600.jpg,0,0,0,0.99999964,5.3883016e-16,3.3201415e-17,3.9086585e-06,0.0,False
601.jpg,2,2,2,8.770906e-15,1.6742326e-21,1.0,2.0251411e-14,7.02686e-33,False
602.jpg,3,3,3,1.7150046e-18,1.0371332e-16,1.00728986e-22,1.0,0.0,False
603.jpg,3,3,3,0.0004059062,3.1143014e-16,7.8407045e-25,0.9999933,4.132174e-31,False
604.jpg,2,2,2,1.3301931e-15,3.0043158e-19,0.99999905,5.737307e-06,0.0,False
605.jpg,2,2,2,2.5822926e-14,2.3423408e-22,0.99998736,8.026248e-09,4.623516e-36,False
606.jpg,2,2,2,4.8053803e-08,1.2903249e-23,0.9986519,2.569794e-07,0.0,False
607.jpg,0,0,0,1.0,2.490923e-18,3.691264e-23,1.2090899e-13,1.2251895e-28,False
608.jpg,3,3,3,1.1362688e-16,2.3341417e-16,2.5046238e-26,1.0,0.0,False
609.jpg,0,0,0,1.0,3.9152136e-19,2.2206197e-12,1.9183272e-14,0.0,False
61.jpg,3,3,3,2.5453302e-13,1.1113973e-14,0.00022446792,0.013442994,7.9453435e-15,True
610.jpg,1,1,3,4.455303e-37,7.780171e-23,3.2817413e-29,9.1578805e-15,0.0,True
611.jpg,1,1,3,3.67857e-31,8.925281e-24,4.0407403e-36,9.6351905e-24,0.0,True
612.jpg,1,1,0,5.2207272e-24,5.1151565e-26,3.0591673e-27,1.3593931e-28,0.0,True
613.jpg,1,1,0,2.9336912e-19,6.5620874e-24,3.8924988e-29,1.3014822e-23,0.0,True
614.jpg,3,3,3,3.7818417e-16,1.0029144e-16,3.2992158e-09,0.99597174,8.423264e-21,False
615.jpg,3,3,3,2.3496143e-06,1.9941128e-18,1.4300352e-25,1.0,1.2303511e-35,False
616.jpg,3,3,3,1.9353418e-19,1.673231e-20,3.5011097e-05,0.9999995,0.0,False
617.jpg,0,0,0,1.0,1.1411147e-19,2.0380747e-30,2.5920405e-16,0.0,False
618.jpg,0,0,0,0.9999999,8.5141435e-20,7.966131e-23,2.5909747e-11,7.927387e-31,False
619.jpg,0,0,0,1.0,3.540937e-18,2.3088534e-28,3.881672e-15,3.9564186e-23,False
62.jpg,1,1,3,1.78804e-29,8.778569e-23,4.5747528e-32,1.3332229e-12,0.0,True
620.jpg,2,2,2,2.8492908e-14,3.3273456e-23,1.0,1.0695463e-14,0.0,False
621.jpg,0,0,0,0.9999999,1.3770097e-18,6.2633886e-21,0.0037324985,0.0,False
622.jpg,2,2,2,8.872837e-23,7.302925e-20,1.0,1.694664e-12,0.0,False
623.jpg,2,2,2,1.7405263e-23,4.515524e-25,1.0,4.907782e-19,0.0,False
624.jpg,1,1,0,2.3386444e-22,3.1949967e-24,4.9906444e-26,2.337485e-22,0.0,True
625.jpg,3,1,1,5.437921e-24,7.348716e-23,0.0,7.372139e-29,1.6388713e-36,True
626.jpg,2,2,2,2.435763e-20,1.6438768e-18,1.0,1.898199e-11,0.0,False
627.jpg,1,1,3,3.5821342e-38,3.5202006e-23,1.4237874e-31,1.8509519e-22,0.0,True
628.jpg,0,0,0,1.0,4.998221e-21,1.1988055e-12,1.6040497e-09,0.0,False
629.jpg,1,1,3,6.661958e-27,8.570533e-24,1.7485324e-30,1.1145301e-11,0.0,True
63.jpg,2,2,2,4.2817648e-14,1.7232132e-20,1.0,3.0840337e-14,0.0,False
630.jpg,0,0,0,1.0,2.7236037e-17,7.7246056e-30,9.42533e-11,0.0,False
631.jpg,1,1,3,2.1228523e-25,3.3655734e-26,0.0,1.457906e-18,0.0,True
632.jpg,2,2,2,3.2081856e-17,3.3169748e-18,1.0,1.9475071e-14,6.446664e-39,False
633.jpg,0,0,0,0.9999987,1.02516315e-17,2.1294785e-25,0.03843348,0.0,False
634.jpg,0,0,0,1.0,3.8481062e-20,7.072208e-23,3.8951493e-18,3.1568532e-27,False
635.jpg,2,2,2,1.7393585e-15,1.1020149e-17,1.0,4.823802e-07,0.0,False
636.jpg,0,0,0,1.0,3.2905057e-20,1.01440995e-26,2.1023223e-10,0.0,False
637.jpg,0,0,0,1.0,3.1344236e-21,6.1510736e-13,4.2008587e-08,0.0,False
638.jpg,1,1,1,1.0750508e-24,6.2273567e-24,1.3566269e-28,3.3653167e-26,0.0,True
639.jpg,0,0,0,1.0,1.5281523e-18,2.6062316e-29,8.6197413e-14,0.0,False
64.jpg,1,1,3,5.3611727e-25,1.6032766e-23,2.9702336e-33,1.7996039e-22,0.0,True
640.jpg,1,1,1,5.543118e-33,8.574163e-24,1.3479915e-35,1.8461047e-25,0.0,True
641.jpg,2,2,2,1.9385962e-12,8.4295606e-22,1.0,2.0676011e-11,1.638966e-35,False
642.jpg,0,0,0,0.99894243,4.173849e-19,3.8108632e-16,6.696009e-12,0.0,False
643.jpg,0,0,0,1.0,1.4974165e-20,1.3857036e-19,5.812077e-10,0.0,False
644.jpg,1,1,3,1.8371665e-27,1.7888505e-23,3.3123436e-35,2.2181137e-16,0.0,True
645.jpg,1,1,3,4.551072e-28,5.912452e-24,4.5054632e-38,1.3065468e-22,0.0,True
646.jpg,2,2,2,1.2771027e-16,6.251958e-20,1.0,5.3502774e-08,0.0,False
647.jpg,1,1,3,7.4921854e-34,1.9165528e-22,6.723445e-39,2.9413975e-21,0.0,True
648.jpg,0,0,0,1.0,9.163664e-19,1.3143115e-20,2.2618483e-09,0.0,False
649.jpg,0,0,0,1.0,1.857286e-18,3.4134147e-14,8.8998145e-13,0.0,False
65.jpg,1,1,3,3.1901015e-31,5.8523603e-24,1.5459652e-33,2.4049335e-21,0.0,True
650.jpg,3,3,3,2.3680526e-08,3.4442025e-19,8.82496e-18,0.9999999,0.0,False
651.jpg,2,2,2,8.219793e-14,3.4120063e-19,1.0,8.197518e-09,5.785527e-38,False
652.jpg,2,2,2,1.7019638e-10,1.9100192e-16,0.99642867,3.0289742e-09,1.5148617e-17,False
653.jpg,1,1,3,1.63345e-33,9.399613e-24,1.8774253e-31,1.5012939e-09,0.0,True
654.jpg,0,0,0,1.0,4.811842e-21,1.4875626e-18,0.00076176744,0.0,False
655.jpg,2,2,2,2.964068e-16,2.1868665e-17,1.0,4.974752e-08,2.0884608e-30,False
656.jpg,1,1,3,5.150073e-31,4.1124647e-26,1.6760363e-34,1.7628537e-20,0.0,True
657.jpg,3,3,3,5.138603e-12,7.33776e-24,8.886119e-11,0.00026244094,0.0,True
658.jpg,2,2,2,1.215617e-22,4.5649585e-23,1.0,9.1683375e-14,0.0,False
659.jpg,1,1,3,4.461109e-34,9.055612e-22,0.0,2.495873e-15,0.0,True
66.jpg,0,0,0,1.0,3.2256244e-24,2.2571636e-24,3.5911207e-06,0.0,False
660.jpg,1,1,3,2.5460574e-25,8.728747e-23,1.3060129e-23,4.432886e-17,0.0,True
661.jpg,0,0,0,0.95585793,2.0971393e-22,4.8228747e-11,0.004120261,0.0,False
662.jpg,1,1,0,2.449735e-17,3.3456446e-25,8.0703947e-32,3.4731802e-24,0.0,True
663.jpg,1,1,0,2.079108e-12,1.0622706e-24,1.0978673e-28,6.2686456e-29,0.0,True
664.jpg,2,2,2,4.0395775e-17,6.4391007e-22,0.99999976,8.761557e-08,0.0,False
665.jpg,1,1,3,1.8817135e-23,2.0518553e-26,1.9760441e-34,4.66521e-18,0.0,True
666.jpg,0,0,0,1.0,5.958999e-19,2.5349837e-15,1.2797712e-15,0.0,False
667.jpg,1,1,3,1.9191808e-28,5.1274864e-25,7.943794e-31,5.647959e-12,0.0,True
668.jpg,3,3,3,8.8634973e-16,1.3323427e-13,1.3437593e-15,0.9999989,1.5029839e-36,False
669.jpg,3,3,3,4.0963192e-20,1.8454461e-14,8.47874e-15,1.0,7.191815e-20,False
67.jpg,1,1,3,5.2637053e-30,1.7192636e-24,1.3699507e-35,3.8547638e-19,0.0,True
670.jpg,3,3,3,2.7929932e-17,3.4984175e-17,1.5149515e-13,0.9999999,0.0,False
671.jpg,0,0,0,1.0,2.9179972e-20,6.733639e-23,1.3359192e-11,0.0,False
672.jpg,3,3,3,5.4047868e-14,1.6428023e-21,1.3850696e-11,0.99958676,0.0,False
673.jpg,0,0,0,1.0,2.2703386e-19,5.810412e-22,3.2822616e-17,0.0,False
674.jpg,1,1,3,3.3923696e-27,1.4095304e-25,1.9120249e-30,8.621729e-22,0.0,True
675.jpg,0,0,0,1.0,1.8057828e-18,1.3032995e-17,2.042038e-09,0.0,False
676.jpg,3,3,3,2.7212006e-20,3.056998e-19,5.075353e-10,1.0,0.0,False
677.jpg,1,1,3,1.87715e-27,8.897542e-24,0.0,3.6947014e-23,0.0,True
678.jpg,3,3,3,1.2568398e-13,5.059842e-20,1.7699865e-16,1.0,0.0,False
679.jpg,2,2,2,4.1910828e-14,1.8487602e-19,1.0,2.2856474e-10,0.0,False
68.jpg,1,1,3,1.7519109e-30,3.3698258e-26,3.3665115e-33,1.4746381e-22,0.0,True
680.jpg,1,1,3,4.6520713e-28,1.1198605e-24,1.2446058e-37,6.056735e-14,0.0,True
681.jpg,0,0,0,1.0,4.4458046e-18,1.095665e-16,1.059735e-09,0.0,False
682.jpg,3,3,3,3.4459763e-19,1.6457805e-15,1.4551492e-27,1.0,1.9573627e-27,False
683.jpg,1,1,3,1.46434585e-30,5.2178174e-25,0.0,1.6743204e-23,0.0,True
684.jpg,2,2,2,3.0450302e-21,3.5113714e-18,1.0,1.4737623e-07,1.5728215e-34,False
685.jpg,0,0,0,1.0,1.054459e-23,2.5823295e-16,5.128424e-18,0.0,False
686.jpg,0,0,0,1.0,1.1523904e-22,2.5953267e-15,2.2844235e-13,0.0,False
687.jpg,3,3,3,1.1297587e-06,1.9958012e-19,1.4661516e-22,1.0,0.0,False
688.jpg,1,1,1,6.1878606e-31,1.5678771e-22,2.3366517e-33,5.405648e-27,0.0,True
689.jpg,1,1,3,1.0839852e-27,2.3954913e-23,1.0861016e-32,1.2232044e-21,0.0,True
69.jpg,2,2,2,1.5819119e-21,2.2595192e-21,1.0,2.6282925e-07,0.0,False
690.jpg,0,0,0,1.0,3.199078e-19,6.4045914e-27,3.9494666e-12,2.5270877e-36,False
691.jpg,3,3,3,3.3150995e-20,1.7273349e-18,1.3791637e-20,1.0,0.0,False
692.jpg,3,3,3,8.584743e-22,8.765875e-18,0.79071695,0.9999999,0.0,False
693.jpg,0,0,0,0.9999999,1.05755246e-16,3.5584777e-15,0.0005508919,0.0,False
694.jpg,1,1,3,7.5995987e-22,1.0857871e-24,2.3589158e-26,1.3662148e-19,0.0,True
695.jpg,0,0,0,1.0,5.5069432e-21,1.069543e-20,5.1706913e-13,0.0,False
696.jpg,2,2,2,5.3179934e-24,3.1557346e-19,1.0,0.00011893464,6.007635e-35,False
697.jpg,0,0,0,1.0,4.028509e-19,2.419375e-25,1.5007013e-13,0.0,False
698.jpg,3,3,3,5.4072303e-14,1.518068e-15,6.5828603e-20,0.9999999,0.0,False
699.jpg,0,0,0,1.0,4.5805848e-17,1.6278683e-28,5.7888454e-13,6.394402e-30,False
7.jpg,2,2,2,4.53373e-19,2.6048221e-20,1.0,3.843563e-14,0.0,False
70.jpg,1,1,0,3.3771696e-21,3.988219e-26,1.0664256e-29,2.249814e-24,0.0,True
700.jpg,3,3,3,1.9236015e-12,3.7187105e-16,4.3558476e-23,0.99998283,1.01093845e-16,False
701.jpg,0,0,0,1.0,4.383057e-20,2.6062389e-16,1.13876325e-17,0.0,False
702.jpg,0,0,0,1.0,1.05490715e-20,1.69241e-15,9.3653335e-11,0.0,False
703.jpg,3,3,3,3.991587e-24,1.2469776e-14,1.7575559e-20,1.0,3.1901762e-15,False
704.jpg,0,0,0,1.0,4.568766e-19,1.589633e-18,1.479512e-11,1.263609e-35,False
705.jpg,1,1,3,2.0769206e-34,2.4420791e-21,5.4689283e-35,3.8476826e-19,0.0,True
706.jpg,3,3,3,2.0187684e-08,8.832562e-20,7.8069355e-21,0.9995158,0.0,False
707.jpg,3,3,3,2.2521542e-06,1.516589e-19,1.7164767e-26,1.0,3.384167e-39,False
708.jpg,3,3,3,3.4870035e-22,4.735223e-19,1.124116e-37,1.0,4.074845e-19,False
709.jpg,3,3,3,6.2958377e-24,3.29165e-19,4.1008265e-18,1.0,0.0,False
71.jpg,3,3,3,5.0316573e-15,1.12829454e-10,4.5843435e-17,1.4625458e-07,3.665835e-13,True
710.jpg,2,2,2,1.6319147e-22,5.023764e-19,1.0,3.0819326e-15,0.0,False
711.jpg,0,0,0,1.0,6.043676e-20,1.1643127e-21,1.1049528e-06,3.8305804e-25,False
712.jpg,3,3,3,2.8459658e-22,1.6394384e-16,1.3623258e-21,1.0,0.0,False
713.jpg,3,3,3,4.0956213e-10,4.4045277e-20,2.1011547e-11,0.99999654,0.0,False
714.jpg,0,0,0,1.0,3.4590053e-17,5.1699264e-19,4.81387e-14,0.0,False
715.jpg,3,3,3,1.4086984e-16,2.682812e-16,2.2249853e-17,0.99999976,2.3234236e-35,False
716.jpg,1,1,3,1.5909546e-27,2.7487772e-26,7.697152e-25,9.532675e-17,0.0,True
717.jpg,1,1,3,3.3012245e-31,2.424731e-20,0.0,9.950151e-16,0.0,True
718.jpg,3,3,3,2.432571e-18,3.7264293e-19,5.6197666e-18,1.0,1.160414e-38,False
719.jpg,0,0,0,1.0,3.4415344e-20,7.0263413e-13,8.940689e-15,0.0,False
72.jpg,1,1,3,1.3683558e-23,4.4252547e-22,1.4354051e-36,3.3077208e-21,0.0,True
720.jpg,0,3,0,0.99999905,9.016637e-12,5.4536133e-36,5.5519943e-11,2.9516266e-07,False
721.jpg,1,1,3,6.321985e-28,1.5339454e-26,6.418416e-33,9.555806e-22,0.0,True
722.jpg,0,0,0,1.0,2.9972613e-21,1.2852944e-23,3.4481933e-22,0.0,False
723.jpg,2,2,2,4.229022e-15,3.155071e-20,1.0,5.2675806e-12,0.0,False
724.jpg,1,1,3,9.514898e-27,1.9459982e-23,8.0010376e-29,1.1826614e-21,0.0,True
725.jpg,0,0,0,1.0,1.424017e-14,1.9461978e-24,3.80337e-12,9.959243e-28,False
726.jpg,0,0,0,1.0,4.6106786e-20,6.828095e-18,1.1297658e-09,0.0,False
727.jpg,3,3,3,2.5720008e-13,3.3455417e-18,3.0364e-14,1.0,0.0,False
728.jpg,0,0,0,0.99999046,2.723613e-18,1.9836228e-23,0.00010388403,0.0,False
729.jpg,3,3,3,1.1172623e-16,9.253534e-16,1.0027235e-15,1.0,6.7454527e-19,False
73.jpg,0,0,0,1.0,4.5598117e-21,8.569676e-18,2.3857224e-17,0.0,False
730.jpg,2,2,2,1.723037e-26,2.1100153e-25,1.0,1.2065563e-16,0.0,False
731.jpg,1,1,0,1.3100023e-19,2.4279748e-24,8.879916e-30,4.3327767e-24,0.0,True
732.jpg,0,0,0,1.0,1.0168777e-19,4.7858176e-26,9.561554e-06,0.0,False
733.jpg,2,2,2,2.6560167e-19,8.5784466e-17,1.0,4.4592405e-14,0.0,False
734.jpg,1,1,3,1.6310003e-29,5.4395474e-21,0.0,1.06413046e-20,0.0,True
735.jpg,2,2,2,1.613894e-21,4.0489085e-18,1.0,2.4492334e-11,0.0,False
736.jpg,0,0,0,1.0,9.255634e-20,1.8132249e-17,8.767359e-15,0.0,False
737.jpg,0,0,0,0.9958598,1.9327254e-16,2.1807136e-14,3.2644944e-06,0.0,False
738.jpg,3,3,3,4.3952657e-11,2.0441361e-19,1.7207105e-20,1.0,0.0,False
739.jpg,3,0,0,0.9241419,1.00962596e-20,2.7381423e-20,0.87586933,7.3404434e-25,False
74.jpg,1,1,0,3.826668e-24,1.3746646e-24,4.1927514e-30,1.7439138e-25,0.0,True
740.jpg,3,3,3,1.1583516e-25,2.7709233e-22,5.029017e-07,1.0,0.0,False
741.jpg,3,3,3,5.2476854e-23,1.0890556e-17,1.184625e-22,1.0,0.0,False
742.jpg,0,0,0,1.0,2.3599267e-16,1.1652863e-20,2.5309284e-06,0.0,False
743.jpg,3,3,3,5.5051776e-05,1.4279137e-19,3.4124248e-18,0.9999999,0.0,False
744.jpg,3,2,3,5.550514e-14,2.4836134e-21,1.8622192e-07,0.9999989,0.0,False
745.jpg,0,0,0,1.0,6.4716155e-19,7.373425e-16,2.570674e-15,0.0,False
746.jpg,0,0,0,1.0,3.24042e-19,1.7328335e-17,6.2440976e-11,0.0,False
747.jpg,1,1,0,7.34539e-13,4.279989e-27,2.1900156e-23,7.621518e-37,0.0,True
748.jpg,0,0,0,1.0,2.2088905e-18,3.1079205e-21,5.2493615e-10,0.0,False
749.jpg,3,4,4,1.7694679e-22,2.0885876e-08,6.796414e-34,0.99999917,1.0,True
75.jpg,0,0,0,1.0,4.348559e-23,5.480533e-30,2.2091745e-05,0.0,False
750.jpg,0,3,3,9.010295e-08,1.1625868e-20,7.436001e-21,1.0,0.0,False
751.jpg,3,3,3,2.9575562e-20,7.445809e-17,8.521658e-18,1.0,0.0,False
752.jpg,3,3,3,2.1944105e-07,2.899482e-17,8.0794136e-26,1.0,0.0,False
753.jpg,0,0,0,1.0,1.0790281e-16,1.8390493e-12,6.928569e-08,0.0,False
754.jpg,3,3,3,2.2105092e-14,2.1554625e-15,5.5166023e-18,1.0,2.7017915e-31,False
755.jpg,1,1,1,2.801426e-30,2.223301e-21,1.2327995e-34,5.754077e-22,0.0,True
756.jpg,1,1,3,9.8310685e-33,3.3485304e-25,3.3248724e-30,5.765803e-17,0.0,True
757.jpg,2,2,2,6.4581887e-15,2.772377e-18,0.9994986,2.6919528e-05,7.499454e-25,False
758.jpg,0,0,0,0.9994423,4.2172436e-16,7.437903e-13,0.00028874574,1.7151582e-37,False
759.jpg,2,2,2,1.3034785e-17,1.973754e-19,0.9999932,2.8317602e-09,0.0,False
76.jpg,3,3,3,4.765604e-15,2.455723e-17,1.2943697e-12,0.99998856,0.0,False
760.jpg,0,0,0,1.0,5.8076314e-18,0.0,7.455423e-15,3.787452e-06,False
761.jpg,1,1,3,1.232191e-22,1.6247906e-21,2.2210623e-29,1.8118246e-21,0.0,True
762.jpg,1,1,3,0.0,1.7999033e-25,3.2865022e-36,4.086213e-13,0.0,True
763.jpg,2,2,2,1.5607401e-22,3.3302918e-23,1.0,1.7722476e-11,0.0,False
764.jpg,0,0,0,1.0,7.6044424e-22,2.2300894e-12,1.6665715e-12,0.0,False
765.jpg,0,0,0,1.0,5.0640004e-25,3.5578433e-13,5.10444e-13,0.0,False
766.jpg,1,1,1,5.7681985e-33,1.5637797e-22,2.334407e-25,2.7614747e-25,0.0,True
767.jpg,2,2,2,3.578543e-15,4.3841933e-20,1.0,1.066492e-08,0.0,False
768.jpg,0,3,3,4.6130077e-05,1.4033588e-20,1.8980556e-17,0.9990766,0.0,False
769.jpg,3,3,3,5.0923256e-16,9.4847375e-14,1.5149252e-17,1.0,1.0941793e-14,False
77.jpg,0,0,0,0.99999964,4.6956185e-17,1.4730049e-11,2.6035315e-12,3.7905902e-33,False
770.jpg,3,3,3,0.015388278,3.1974906e-20,1.4770878e-29,1.0,0.0,False
771.jpg,3,4,4,0.9999963,3.7383274e-14,1.0339319e-34,8.7246486e-24,1.0,True
772.jpg,3,3,3,2.221961e-21,1.1375699e-16,0.04412947,0.64140373,1.651522e-38,False
773.jpg,0,0,0,1.0,4.5612557e-21,1.2530673e-21,2.4162452e-09,0.0,False
774.jpg,2,2,2,1.4236821e-19,9.958595e-21,1.0,3.875516e-12,0.0,False
775.jpg,1,1,3,1.1988356e-30,2.439701e-24,8.79528e-34,7.180071e-23,0.0,True
776.jpg,2,2,2,9.236752e-15,3.5371496e-22,1.0,1.5443429e-12,0.0,False
777.jpg,0,0,0,1.0,3.695227e-21,8.5749596e-10,7.3715732e-06,0.0,False
778.jpg,1,1,1,6.337848e-36,7.3151604e-21,0.0,1.4832519e-24,0.0,True
779.jpg,3,3,3,3.3855934e-13,4.5731445e-18,4.1958023e-25,1.0,0.0,False
78.jpg,0,3,3,0.013444366,1.1462071e-17,6.8265995e-36,0.9999999,0.0,False
780.jpg,1,1,3,1.1185673e-31,5.405223e-24,0.0,5.651197e-14,0.0,True
781.jpg,3,3,3,2.7208077e-19,9.968469e-15,9.461508e-35,1.0,8.093396e-24,False
782.jpg,1,1,1,7.3794714e-32,2.0715833e-23,1.8396271e-28,1.2089195e-24,0.0,True
783.jpg,1,1,3,4.021963e-21,5.6828524e-23,1.0614195e-25,1.1528347e-14,0.0,True
784.jpg,0,0,0,1.0,3.3716892e-19,3.1680635e-14,2.2362414e-18,0.0,False
785.jpg,3,3,3,8.475436e-05,8.954979e-18,1.64205e-14,0.13021971,0.0,False
786.jpg,3,3,3,1.7060735e-16,3.1258584e-16,1.19517134e-26,1.0,1.938901e-29,False
787.jpg,0,0,0,1.0,9.257476e-19,7.690141e-09,1.052439e-13,6.376684e-33,False
788.jpg,3,3,3,4.3568425e-24,3.129273e-22,9.1961845e-14,0.9999999,0.0,False
789.jpg,1,1,1,5.3991546e-35,1.5603882e-23,0.0,7.7762124e-26,0.0,True
79.jpg,3,3,3,1.0224992e-05,4.358813e-20,1.3644749e-12,0.9999833,0.0,False
790.jpg,0,0,0,0.9999732,3.8133789e-16,1.10059504e-13,2.1574945e-07,0.0,False
791.jpg,1,1,0,7.447257e-17,6.35393e-26,5.150657e-33,3.9161856e-26,0.0,True
792.jpg,3,3,3,1.2184543e-21,1.8503766e-18,1.3861639e-07,0.99999404,0.0,False
793.jpg,2,3,2,3.5960945e-18,8.0656555e-17,0.98571396,0.00010456173,1.5805917e-20,False
794.jpg,3,3,0,4.130155e-05,2.9728377e-20,7.83721e-09,1.0618099e-05,1.1299284e-30,True
795.jpg,3,3,3,2.0028087e-13,6.393859e-17,4.3583572e-08,0.9997975,0.0,False
796.jpg,1,1,0,3.1551415e-21,5.0905133e-26,3.3347118e-33,2.8457392e-21,0.0,True
797.jpg,0,0,0,1.0,1.0562118e-20,3.8089771e-22,2.502172e-13,0.0,False
798.jpg,3,3,3,6.271993e-06,5.013844e-20,7.603259e-13,0.05703942,0.0,False
799.jpg,0,0,0,1.0,1.0536806e-20,2.417883e-08,3.9263857e-12,0.0,False
8.jpg,1,1,2,5.835367e-26,1.5571289e-24,7.6031666e-22,2.0003561e-22,0.0,True
80.jpg,1,1,1,2.5498652e-27,4.8845795e-21,6.1718913e-34,7.423374e-25,0.0,True
800.jpg,0,0,0,0.9999995,4.3902612e-16,2.320675e-22,0.00071808073,4.597051e-27,False
801.jpg,0,0,0,1.0,5.8449123e-15,6.7503493e-25,2.626605e-12,4.055255e-29,False
802.jpg,0,0,0,0.9999981,7.4757493e-17,2.104062e-15,3.3682948e-08,1.1501093e-25,False
803.jpg,0,0,0,1.0,7.0609973e-22,6.532886e-25,4.9047603e-11,0.0,False
804.jpg,3,3,3,5.87311e-14,2.4766456e-17,2.8725806e-21,1.0,0.0,False
805.jpg,2,2,2,6.2370136e-15,1.8452424e-21,1.0,2.7495353e-09,3.998668e-34,False
806.jpg,0,0,0,1.0,8.697592e-18,3.477786e-21,1.9317077e-09,0.0,False
807.jpg,3,3,3,0.057187933,2.9253813e-16,1.7318978e-14,0.8475076,0.0,False
808.jpg,3,3,3,3.386443e-11,1.7510507e-13,0.0,1.0,1.2916004e-23,False
809.jpg,3,3,3,1.8640166e-16,3.291727e-18,1.7888944e-27,1.0,3.103971e-16,False
81.jpg,2,2,2,2.412503e-15,1.1189368e-19,1.0,5.713562e-13,0.0,False
810.jpg,2,2,2,3.8485233e-17,2.3053977e-18,1.0,2.61767e-14,0.0,False
811.jpg,3,3,3,5.6230903e-18,2.5133797e-20,1.696078e-11,0.9999989,1.060458e-37,False
812.jpg,3,3,3,1.7075811e-08,1.261479e-22,3.7816177e-20,1.0,0.0,False
813.jpg,0,0,0,1.0,1.7830205e-21,8.1907377e-16,4.764176e-19,0.0,False
814.jpg,0,0,0,1.0,6.317834e-22,4.2593908e-32,8.759196e-13,0.0,False
815.jpg,3,3,3,1.2600699e-22,1.3698073e-16,4.1342247e-23,1.0,3.4760404e-18,False
816.jpg,0,0,0,1.0,1.29643e-20,1.8800853e-30,2.1641114e-17,3.71326e-27,False
817.jpg,0,0,0,0.9999994,1.3855902e-15,2.5842008e-24,0.00015956328,3.5923822e-24,False
818.jpg,2,2,2,1.2027493e-27,1.7846837e-18,1.0,1.16730924e-07,0.0,False
819.jpg,1,1,1,2.523471e-32,4.6378595e-21,3.682506e-36,1.1319649e-22,0.0,True
82.jpg,1,1,3,1.7935799e-22,4.320448e-24,2.2599231e-37,3.827667e-21,0.0,True
820.jpg,0,0,0,0.9975883,7.0397676e-17,3.8891707e-12,0.0001295662,0.0,False
821.jpg,0,0,0,1.0,8.770118e-19,6.17477e-17,2.6642596e-13,7.745953e-34,False
822.jpg,0,0,0,1.0,1.7974319e-19,2.1652193e-23,7.8005866e-12,0.0,False
823.jpg,2,2,2,2.8468635e-17,1.0201296e-19,1.0,8.45988e-13,0.0,False
824.jpg,0,0,0,1.0,1.5599449e-19,7.209181e-11,6.1488735e-15,0.0,False
825.jpg,1,1,3,5.165358e-39,3.8996315e-22,0.0,6.155285e-21,0.0,True
826.jpg,0,0,0,0.9999999,4.6097684e-18,5.1084642e-20,0.00015759366,1.6145463e-29,False
827.jpg,1,1,1,2.3348856e-27,6.72604e-23,1.4024688e-37,4.7381305e-27,0.0,True
828.jpg,0,0,0,1.0,8.928363e-20,6.7457803e-21,9.967496e-08,0.0,False
829.jpg,2,2,2,4.7607343e-15,1.3267052e-17,0.99999166,6.5005074e-10,1.0941026e-24,False
83.jpg,1,1,0,4.193522e-14,2.7895015e-24,2.4683005e-23,2.0042589e-30,0.0,True
830.jpg,0,0,0,1.0,1.5283955e-20,2.3877376e-22,1.6364351e-21,0.0,False
831.jpg,0,0,0,0.99886274,6.175471e-19,7.938311e-16,9.927804e-08,0.0,False
832.jpg,1,1,3,5.855078e-26,5.7828287e-25,5.4369886e-31,3.363538e-23,0.0,True
833.jpg,1,1,3,3.4060424e-31,6.363979e-24,5.4433694e-35,9.0347324e-23,0.0,True
834.jpg,3,3,3,1.4304451e-24,3.1855747e-18,6.082938e-24,1.0,0.0,False
835.jpg,1,1,3,2.090119e-22,7.287461e-25,4.527826e-31,4.7384053e-18,0.0,True
836.jpg,2,2,2,6.207673e-31,1.0980955e-17,1.0,8.77415e-08,1.2506693e-37,False
837.jpg,3,3,3,0.0010049639,1.699062e-20,1.6672958e-24,0.97758114,0.0,False
838.jpg,3,3,3,1.1984464e-12,2.8545888e-14,3.660313e-18,1.0,1.73012e-38,False
839.jpg,0,0,0,1.0,4.2954478e-26,4.8279264e-15,1.9987592e-25,0.0,False
84.jpg,1,1,3,3.1535957e-32,4.645145e-25,9.1314114e-36,6.281307e-22,0.0,True
840.jpg,1,1,3,3.6422543e-37,2.7666983e-22,4.152174e-33,5.7640187e-18,0.0,True
841.jpg,2,2,2,2.6079885e-24,3.2971042e-19,1.0,1.9932682e-11,0.0,False
842.jpg,1,1,3,2.546144e-26,7.8087665e-25,1.0616153e-30,9.6237857e-20,0.0,True
843.jpg,1,1,0,1.4881878e-17,5.7601075e-25,4.5941493e-31,5.148081e-19,0.0,True
844.jpg,0,0,0,1.0,2.3360867e-21,7.713267e-23,2.1617327e-19,0.0,False
845.jpg,0,0,0,1.0,7.5060486e-22,2.7064816e-11,2.5256005e-16,0.0,False
846.jpg,1,1,3,2.358857e-30,1.999432e-23,2.3243123e-33,7.2006204e-22,0.0,True
847.jpg,1,1,3,5.6915662e-33,1.8742202e-23,1.9853484e-31,2.2401547e-23,0.0,True
848.jpg,3,3,3,1.9895372e-27,3.2447352e-20,1.6082204e-06,1.0,0.0,False
849.jpg,0,0,0,1.0,3.442668e-25,2.135424e-11,1.0481242e-20,0.0,False
85.jpg,3,3,3,6.7511954e-11,7.912436e-15,1.4742296e-12,0.98789436,1.4756185e-28,False
850.jpg,3,3,3,3.1062737e-28,1.5265982e-16,5.654943e-35,1.0,0.0,False
851.jpg,3,3,3,5.619326e-22,1.837287e-18,2.2472359e-07,0.9999745,0.0,False
852.jpg,0,0,0,1.0,7.432715e-20,1.8545316e-26,0.033391736,0.0,False
853.jpg,0,0,0,1.0,5.021427e-19,6.5155547e-13,2.3860126e-18,0.0,False
854.jpg,1,1,1,3.9147987e-25,2.9542577e-24,3.2359418e-38,2.151321e-24,0.0,True
855.jpg,2,2,2,6.67438e-13,8.826138e-18,1.0,1.7041775e-12,0.0,False
856.jpg,1,1,3,3.8236057e-23,2.6635573e-25,5.725288e-36,4.0689365e-22,0.0,True
857.jpg,1,1,0,6.308278e-13,1.323379e-25,4.2239696e-33,9.720379e-35,0.0,True
858.jpg,1,1,3,1.0368414e-37,2.048987e-24,7.47254e-36,8.024645e-19,0.0,True
859.jpg,2,2,2,1.3995166e-10,1.0907747e-21,0.9977223,3.757524e-09,4.408343e-35,False
86.jpg,1,1,3,2.1199125e-27,1.7570638e-23,1.9212206e-32,8.740714e-22,0.0,True
860.jpg,1,1,3,7.0416314e-29,4.893783e-25,3.7239287e-34,2.3182834e-17,0.0,True
861.jpg,0,0,0,1.0,2.36122e-19,4.001423e-15,3.5502052e-16,1.983486e-31,False
862.jpg,0,0,0,1.0,2.438459e-20,2.4031019e-19,7.150383e-17,0.0,False
863.jpg,3,3,3,2.6987955e-11,8.1948627e-16,1.4233477e-16,1.0,5.3564078e-33,False
864.jpg,2,2,2,1.3742802e-19,1.8698365e-22,1.0,2.3479163e-20,0.0,False
865.jpg,2,2,2,1.1632466e-22,1.2147329e-20,1.0,4.550918e-12,0.0,False
866.jpg,3,4,4,1.267377e-16,8.0580627e-16,2.2136458e-20,1.3087432e-05,1.0,False
867.jpg,3,3,3,1.6603594e-23,4.0362328e-18,4.3222687e-13,1.0,0.0,False
868.jpg,1,1,3,1.3731734e-28,1.2606495e-25,3.2194606e-27,4.195946e-14,0.0,True
869.jpg,1,1,3,5.6031143e-25,2.0077601e-26,2.7574598e-28,9.189029e-22,0.0,True
87.jpg,0,0,0,1.0,1.5447326e-26,1.9637785e-13,3.3145219e-25,0.0,False
870.jpg,3,3,3,5.3092845e-05,1.2115104e-15,3.340124e-32,1.0,0.0,False
871.jpg,0,0,0,1.0,7.296266e-21,1.7859819e-21,3.7777403e-12,0.0,False
872.jpg,0,0,0,1.0,6.572092e-21,2.4328786e-17,3.7246268e-14,0.0,False
873.jpg,0,0,0,1.0,1.215646e-20,3.0372282e-10,2.9755868e-14,0.0,False
874.jpg,3,3,3,8.117573e-17,8.677684e-16,3.76022e-24,0.99999976,2.547526e-24,False
875.jpg,3,3,3,3.6561747e-22,5.47919e-17,6.01196e-15,1.0,0.0,False
88.jpg,3,3,3,2.4245984e-15,2.8372795e-17,5.838314e-12,1.0,8.72944e-32,False
89.jpg,2,2,2,1.8797373e-19,1.4591398e-20,1.0,4.8048958e-05,0.0,False
9.jpg,3,2,2,7.807931e-33,1.0046047e-20,1.0,7.3161126e-09,0.0,False
90.jpg,2,2,2,5.0894653e-18,3.4824195e-21,1.0,6.5733426e-11,0.0,False
91.jpg,2,2,2,9.0086016e-10,9.330611e-20,1.0,3.3826835e-16,0.0,False
92.jpg,2,2,2,2.5729256e-26,1.05020366e-16,1.0,4.9483043e-11,0.0,False
93.jpg,2,2,2,1.5134096e-20,4.640704e-23,0.99924797,1.50481355e-05,0.0,False
94.jpg,0,0,0,1.0,3.764919e-21,1.0468435e-24,2.047285e-15,0.0,False
95.jpg,0,0,0,1.0,8.64245e-20,1.1098035e-23,6.6499063e-13,0.0,False
96.jpg,0,0,0,1.0,1.6783442e-21,1.0810566e-21,1.7766837e-12,0.0,False
97.jpg,2,2,2,4.1289032e-13,8.127787e-20,0.055932645,1.7004296e-06,0.0,False
98.jpg,0,0,0,1.0,1.7457288e-20,5.2860246e-21,1.4225934e-12,0.0,False
99.jpg,1,1,3,4.4803405e-29,2.3369553e-25,6.527525e-34,5.2467004e-17,0.0,True
